-- phpMyAdmin SQL Dump
-- version 4.3.11
-- http://www.phpmyadmin.net
--
-- 主機: 127.0.0.1
-- 產生時間： 2016 ?07 ??16 ??23:27
-- 伺服器版本: 5.6.24
-- PHP 版本： 5.6.8

SET SQL_MODE = "NO_AUTO_VALUE_ON_ZERO";
SET time_zone = "+00:00";


/*!40101 SET @OLD_CHARACTER_SET_CLIENT=@@CHARACTER_SET_CLIENT */;
/*!40101 SET @OLD_CHARACTER_SET_RESULTS=@@CHARACTER_SET_RESULTS */;
/*!40101 SET @OLD_COLLATION_CONNECTION=@@COLLATION_CONNECTION */;
/*!40101 SET NAMES utf8 */;

--
-- 資料庫： `blackteasql`
--

-- --------------------------------------------------------

--
-- 資料表結構 `category`
--

CREATE TABLE IF NOT EXISTS `category` (
  `cid` int(11) NOT NULL,
  `cname` varchar(20) COLLATE utf8mb4_unicode_520_ci NOT NULL
) ENGINE=InnoDB AUTO_INCREMENT=6 DEFAULT CHARSET=utf8mb4 COLLATE=utf8mb4_unicode_520_ci;

--
-- 資料表的匯出資料 `category`
--

INSERT INTO `category` (`cid`, `cname`) VALUES
(1, '臺灣茶樹品種與特色茶認識'),
(2, '茶葉製造'),
(3, '茶葉品質管理'),
(4, '食品衛生與工業安全'),
(5, '製茶職業道德');

-- --------------------------------------------------------

--
-- 資料表結構 `lesson`
--

CREATE TABLE IF NOT EXISTS `lesson` (
  `pid` int(5) NOT NULL,
  `content` varchar(50) COLLATE utf8mb4_unicode_520_ci NOT NULL,
  `qid` int(4) NOT NULL
) ENGINE=InnoDB AUTO_INCREMENT=3 DEFAULT CHARSET=utf8mb4 COLLATE=utf8mb4_unicode_520_ci;

--
-- 資料表的匯出資料 `lesson`
--

INSERT INTO `lesson` (`pid`, `content`, `qid`) VALUES
(1, 'http://images.agoramedia.com/everydayhealth/gcms/6', 1),
(2, '圖片一的敘述', 1);

-- --------------------------------------------------------

--
-- 資料表結構 `options`
--

CREATE TABLE IF NOT EXISTS `options` (
  `oid` int(5) NOT NULL,
  `woption` varchar(40) COLLATE utf8_unicode_520_ci NOT NULL,
  `answer` tinyint(4) NOT NULL,
  `qid` int(5) NOT NULL
) ENGINE=InnoDB AUTO_INCREMENT=2793 DEFAULT CHARSET=utf8 COLLATE=utf8_unicode_520_ci;

--
-- 資料表的匯出資料 `options`
--

INSERT INTO `options` (`oid`, `woption`, `answer`, `qid`) VALUES
(1, '草本', 0, 1),
(2, '木本', 1, 1),
(3, '草木本', 0, 1),
(4, '籐本', 0, 1),
(5, '短年生', 0, 2),
(6, '二年生', 0, 2),
(7, '一年生', 0, 2),
(8, '多年生', 1, 2),
(9, '一年生落葉', 0, 3),
(10, '多年生落葉', 0, 3),
(11, '二年生常綠', 0, 3),
(12, '多年生常綠', 1, 3),
(13, '一年生落葉', 0, 4),
(14, '多年生落葉', 0, 4),
(15, '二年生常綠', 0, 4),
(16, '多年生常綠', 1, 4),
(17, '一年生灌木', 0, 5),
(18, '一年生小喬木', 0, 5),
(19, '多年生灌木', 1, 5),
(20, '二年生小喬木', 0, 5),
(21, '一年生灌木', 0, 6),
(22, '一年生小喬木', 0, 6),
(23, '多年生灌木', 1, 6),
(24, '多年生小喬木', 0, 6),
(25, '一年生灌木', 0, 7),
(26, '一年生小喬木', 0, 7),
(27, '多年生灌木', 0, 7),
(28, '多年生小喬木', 1, 7),
(29, '一年生灌木', 0, 8),
(30, '一年生小喬木', 0, 8),
(31, '多年生灌木', 0, 8),
(32, '多年生小喬木或喬木', 1, 8),
(33, '青心烏龍', 1, 9),
(34, '臺灣山茶', 0, 9),
(35, '臺茶 18 號', 0, 9),
(36, '阿薩姆', 0, 9),
(37, '青心柑仔', 0, 10),
(38, '臺茶 12 號', 0, 10),
(39, '臺茶 19 號', 0, 10),
(40, '臺茶 8 號', 1, 10),
(41, '細葉種', 0, 11),
(42, '小葉種', 1, 11),
(43, '中葉種', 0, 11),
(44, '大葉種', 0, 11),
(45, '細葉種', 0, 12),
(46, '小葉種', 1, 12),
(47, '中葉種', 0, 12),
(48, '大葉種', 0, 12),
(49, '細葉種', 0, 13),
(50, '小葉種', 1, 13),
(51, '中葉種', 0, 13),
(52, '大葉種', 0, 13),
(53, '青心柑仔', 1, 14),
(54, '臺茶 12 號', 0, 14),
(55, '臺茶 8 號', 0, 14),
(56, '臺灣山茶', 0, 14),
(57, '青心柑仔', 0, 15),
(58, '青心烏龍', 1, 15),
(59, '臺茶 8 號', 0, 15),
(60, '臺灣山茶', 0, 15),
(61, '青心柑仔', 0, 16),
(62, '青心烏龍', 1, 16),
(63, '臺茶 8 號', 0, 16),
(64, '臺灣山茶', 0, 16),
(65, '青心柑仔', 0, 17),
(66, '青心烏龍', 1, 17),
(67, '臺茶 8 號', 0, 17),
(68, '臺灣山茶', 0, 17),
(69, '青心柑仔', 0, 18),
(70, '青心烏龍', 0, 18),
(71, '臺茶 8 號', 0, 18),
(72, '鐵觀音', 1, 18),
(73, '青心柑仔', 0, 19),
(74, '臺茶 18 號', 0, 19),
(75, '臺茶 12 號', 1, 19),
(76, '四季春', 0, 19),
(77, '細葉種', 0, 20),
(78, '小葉種', 0, 20),
(79, '中葉種', 0, 20),
(80, '大葉種', 1, 20),
(81, '青心柑仔', 0, 21),
(82, '臺茶 8 號', 1, 21),
(83, '臺茶 12 號', 0, 21),
(84, '大葉烏龍', 0, 21),
(85, '青心柑仔', 0, 22),
(86, '臺茶 18 號', 1, 22),
(87, '臺茶 12 號', 0, 22),
(88, '四季春', 0, 22),
(89, '低', 1, 23),
(90, '中', 0, 23),
(91, '無', 0, 23),
(92, '高', 0, 23),
(93, '綠茶', 0, 24),
(94, '包種茶', 0, 24),
(95, '凍頂烏龍茶', 0, 24),
(96, '紅茶', 1, 24),
(97, '阿薩姆', 1, 25),
(98, '青心柑仔', 0, 25),
(99, '青心大冇', 0, 25),
(100, '臺茶 12 號', 0, 25),
(101, '青心烏龍', 0, 26),
(102, '臺茶 12 號', 0, 26),
(103, '四季春', 0, 26),
(104, '阿薩姆', 1, 26),
(105, '阿薩姆', 0, 27),
(106, '青心烏龍', 1, 27),
(107, '臺茶 8 號', 0, 27),
(108, '臺茶 18 號', 0, 27),
(109, '青心大冇', 0, 28),
(110, '白毛猴', 0, 28),
(111, '青心烏龍', 0, 28),
(112, '阿薩姆', 1, 28),
(113, '硬枝紅心', 0, 29),
(114, '鐵觀音', 1, 29),
(115, '青心柑仔', 0, 29),
(116, '臺茶 18 號', 0, 29),
(117, '硬枝紅心', 0, 30),
(118, '鐵觀音', 0, 30),
(119, '青心柑仔', 1, 30),
(120, '阿薩姆', 0, 30),
(121, '青心大冇', 0, 31),
(122, '青心烏龍', 1, 31),
(123, '臺茶 12 號', 0, 31),
(124, '臺茶 18 號', 0, 31),
(125, '臺茶 12 號', 1, 32),
(126, '臺茶 13號', 0, 32),
(127, '四季春', 0, 32),
(128, '臺茶 18 號', 0, 32),
(129, '臺茶 12 號', 0, 33),
(130, '臺茶 13號', 0, 33),
(131, '臺茶 18 號', 1, 33),
(132, '青心烏龍', 0, 33),
(133, '細葉種', 0, 34),
(134, '小葉種', 1, 34),
(135, '中葉種', 0, 34),
(136, '大葉種', 0, 34),
(137, '細葉種', 0, 35),
(138, '小葉種', 1, 35),
(139, '中葉種', 0, 35),
(140, '大葉種', 0, 35),
(141, '細葉種', 0, 36),
(142, '小葉種', 1, 36),
(143, '中葉種', 0, 36),
(144, '大葉種', 0, 36),
(145, '細葉種', 0, 37),
(146, '小葉種', 1, 37),
(147, '中葉種', 0, 37),
(148, '大葉種', 0, 37),
(149, '細葉種', 0, 38),
(150, '小葉種', 0, 38),
(151, '中葉種', 0, 38),
(152, '大葉種', 1, 38),
(153, '雜糧作物', 0, 39),
(154, '特用作物', 1, 39),
(155, '綠肥作物', 0, 39),
(156, '糧食作物', 0, 39),
(157, '臺茶 12 號', 0, 40),
(158, '四季春', 0, 40),
(159, '青心烏龍', 1, 40),
(160, '大蔓種', 0, 40),
(161, '臺茶 1 號', 0, 41),
(162, '臺茶 12 號', 1, 41),
(163, '青心烏龍', 0, 41),
(164, '四季春', 0, 41),
(165, '臺茶 13號', 1, 42),
(166, '四季春', 0, 42),
(167, '黃柑', 0, 42),
(168, '青心烏龍', 0, 42),
(169, '臺茶 14 號', 0, 43),
(170, '青心大冇', 0, 43),
(171, '臺茶 12 號', 1, 43),
(172, '四季春', 0, 43),
(173, '臺茶 13 號', 1, 44),
(174, '青心柑仔', 0, 44),
(175, '臺茶 18 號', 0, 44),
(176, '四季春', 0, 44),
(177, '臺茶 14 號', 0, 45),
(178, '四季春', 0, 45),
(179, '臺茶 18 號', 1, 45),
(180, '青心烏龍', 0, 45),
(181, '臺茶 1 號', 0, 46),
(182, '山茶', 0, 46),
(183, '臺茶 8 號', 0, 46),
(184, '臺茶 21 號', 1, 46),
(185, '臺茶 1 號', 0, 47),
(186, '臺茶 12 號', 0, 47),
(187, '臺茶 18 號', 0, 47),
(188, '臺茶 19 號', 1, 47),
(189, '臺茶 14 號', 0, 48),
(190, '臺茶 16 號', 0, 48),
(191, '臺茶 20 號', 1, 48),
(192, '臺茶 21 號', 0, 48),
(193, '臺茶 17 號', 0, 49),
(194, '臺茶 18 號', 0, 49),
(195, '臺茶 19 號', 1, 49),
(196, '臺茶 21 號', 0, 49),
(197, '臺茶 8 號', 0, 50),
(198, '四季春', 0, 50),
(199, '臺茶 18 號', 0, 50),
(200, '青心烏龍', 1, 50),
(201, '綠色', 0, 51),
(202, '深綠色', 0, 51),
(203, '黃色', 1, 51),
(204, '白色', 0, 51),
(205, '臺茶 8 號', 0, 52),
(206, '四季春', 1, 52),
(207, '黃柑', 0, 52),
(208, '臺茶 18 號', 0, 52),
(209, '臺茶 8 號', 0, 53),
(210, '青心大冇', 0, 53),
(211, '青心烏龍', 1, 53),
(212, '臺茶 18 號', 0, 53),
(213, '早生種', 1, 54),
(214, '中生種', 0, 54),
(215, '不知春', 0, 54),
(216, '晚生種', 0, 54),
(217, '臺農 8 號', 0, 55),
(218, '臺茶 8 號', 0, 55),
(219, '青心烏龍', 1, 55),
(220, '臺農 351 號', 0, 55),
(221, '四季春', 0, 56),
(222, '青心大冇', 0, 56),
(223, '青心烏龍', 0, 56),
(224, '臺茶 18 號', 1, 56),
(225, '自然雜交', 0, 57),
(226, '人工雜交', 1, 57),
(227, '頂交', 0, 57),
(228, '誘變', 0, 57),
(229, '臺茶', 1, 58),
(230, '臺農', 0, 58),
(231, '農林', 0, 58),
(232, '茶育', 0, 58),
(233, '四季春', 0, 59),
(234, '臺茶 8 號', 0, 59),
(235, '青心柑仔', 1, 59),
(236, '臺茶 18 號', 0, 59),
(237, '青心柑仔', 0, 60),
(238, '鐵觀音', 1, 60),
(239, '青心大冇', 0, 60),
(240, '大葉烏龍', 0, 60),
(241, '自交', 0, 61),
(242, '異交', 1, 61),
(243, '回交', 0, 61),
(244, '突變', 0, 61),
(245, '種子', 0, 62),
(246, '根', 0, 62),
(247, '葉', 1, 62),
(248, '花', 0, 62),
(249, '新北市文山茶區', 0, 63),
(250, '桃竹苗茶區', 0, 63),
(251, '南投魚池茶區', 1, 63),
(252, '嘉義阿里山茶區', 0, 63),
(253, '新北市三峽茶區', 1, 64),
(254, '臺中梨山茶區', 0, 64),
(255, '南投魚池茶區', 0, 64),
(256, '嘉義阿里山茶區', 0, 64),
(257, '綠茶', 0, 65),
(258, '紅茶', 0, 65),
(259, '白茶', 0, 65),
(260, '半球形及球形包種茶', 1, 65),
(261, '1~1.5 萬公噸', 1, 66),
(262, '2~2.5 萬公噸', 0, 66),
(263, '3~3.5 萬公噸', 0, 66),
(264, '4~4.5 萬公噸', 0, 66),
(265, '硬枝紅心', 1, 67),
(266, '鐵觀音', 0, 67),
(267, '四季春', 0, 67),
(268, '青心烏龍', 0, 67),
(269, '硬枝紅心', 0, 68),
(270, '鐵觀音', 0, 68),
(271, '青心柑仔', 1, 68),
(272, '阿薩姆', 0, 68),
(273, '紅茶', 0, 69),
(274, '椪(膨)風茶', 0, 69),
(275, '包種茶及綠茶', 1, 69),
(276, '普洱茶', 0, 69),
(277, '紅茶', 1, 70),
(278, '包種茶', 0, 70),
(279, '綠茶', 0, 70),
(280, '煎茶', 0, 70),
(281, '清明', 0, 71),
(282, '芒種', 1, 71),
(283, '白露', 0, 71),
(284, '立冬', 0, 71),
(285, '清明茶', 0, 72),
(286, '掃墓茶', 0, 72),
(287, '祭祖茶', 0, 72),
(288, '明前茶', 1, 72),
(289, '龍井茶', 1, 73),
(290, '包種茶', 0, 73),
(291, '椪風茶', 0, 73),
(292, '紅茶', 0, 73),
(293, '七月', 0, 74),
(294, '八月', 0, 74),
(295, '九月', 1, 74),
(296, '十月', 0, 74),
(297, '春茶', 0, 75),
(298, '第一次夏茶', 0, 75),
(299, '第二次夏茶', 1, 75),
(300, '秋茶', 0, 75),
(301, '椪(膨)風茶', 1, 76),
(302, '包種茶', 0, 76),
(303, '鐵觀音', 0, 76),
(304, '煎茶', 0, 76),
(305, '文山包種茶', 0, 77),
(306, '鐵觀音', 0, 77),
(307, '凍頂烏龍茶', 0, 77),
(308, '白毫烏龍茶', 1, 77),
(309, '文山包種茶', 1, 78),
(310, '白茶', 0, 78),
(311, '鐵觀音', 0, 78),
(312, '綠茶', 0, 78),
(313, '條形包種茶', 0, 79),
(314, '半球形包種茶', 0, 79),
(315, '白茶類', 0, 79),
(316, '椪(膨)風茶', 1, 79),
(317, '金萱茶', 0, 80),
(318, '四季春', 0, 80),
(319, '凍頂烏龍茶', 1, 80),
(320, '松柏長青茶', 0, 80),
(321, '石門茶區', 0, 81),
(322, '坪林茶區', 1, 81),
(323, '阿里山茶區', 0, 81),
(324, '名間茶區', 0, 81),
(325, '1000 公尺', 1, 82),
(326, '500 公尺', 0, 82),
(327, '2000 公尺', 0, 82),
(328, '3000 公尺', 0, 82),
(329, '坪林', 0, 83),
(330, '嘉義', 0, 83),
(331, '木柵', 1, 83),
(332, '霧社', 0, 83),
(333, '東方美人', 0, 84),
(334, '白毫烏龍', 0, 84),
(335, '五色茶', 0, 84),
(336, '翠玉', 1, 84),
(337, '凍頂烏龍茶', 1, 85),
(338, '碧螺春', 0, 85),
(339, '高山茶', 0, 85),
(340, '紅茶', 0, 85),
(341, '三峽', 1, 86),
(342, '石門', 0, 86),
(343, '阿里山', 0, 86),
(344, '梅山', 0, 86),
(345, '凍頂茶', 0, 87),
(346, '白毫烏龍', 0, 87),
(347, '鐵觀音', 1, 87),
(348, '龍井', 0, 87),
(349, '綠茶', 0, 88),
(350, '紅茶', 1, 88),
(351, '包種茶', 0, 88),
(352, '烏龍茶', 0, 88),
(353, '南投名間', 1, 89),
(354, '臺東鹿野', 0, 89),
(355, '屏東滿州', 0, 89),
(356, '花蓮瑞穗', 0, 89),
(357, '新竹縣', 0, 90),
(358, '新北市', 0, 90),
(359, '雲林縣', 0, 90),
(360, '澎湖縣', 1, 90),
(361, '鹿谷鄉', 0, 91),
(362, '鹿港鎮', 0, 91),
(363, '鹿野鄉', 1, 91),
(364, '福岡縣', 0, 91),
(365, '滿州鄉', 1, 92),
(366, '臺中港', 0, 92),
(367, '高雄港', 0, 92),
(368, '湖口鄉', 0, 92),
(369, '鹿谷茶區', 0, 93),
(370, '阿里山茶區', 1, 93),
(371, '六龜茶區', 0, 93),
(372, '名間茶區', 0, 93),
(373, '名間鄉', 1, 94),
(374, '鹿谷鄉', 0, 94),
(375, '仁愛鄉', 0, 94),
(376, '峨眉鄉', 0, 94),
(377, '六龜鄉', 0, 95),
(378, '瑞穗鄉', 1, 95),
(379, '木柵區', 0, 95),
(380, '竹山鎮', 0, 95),
(381, '臺北市', 1, 96),
(382, '高雄市', 0, 96),
(383, '臺南市', 0, 96),
(384, '宜蘭縣', 0, 96),
(385, '新店區', 0, 97),
(386, '石門區', 1, 97),
(387, '石碇區', 0, 97),
(388, '深坑區', 0, 97),
(389, '頭份鎮', 0, 98),
(390, '石碇區', 0, 98),
(391, '北埔鄉', 0, 98),
(392, '古坑鄉', 1, 98),
(393, '包種茶', 0, 99),
(394, '碧螺春', 0, 99),
(395, '椪(膨)風茶', 1, 99),
(396, '鐵觀音', 0, 99),
(397, '埔中茶', 1, 100),
(398, '青山茶', 0, 100),
(399, '霧社茶', 0, 100),
(400, '日月茶', 0, 100),
(401, '高山茶', 0, 101),
(402, '文山茶', 0, 101),
(403, '青山茶', 1, 101),
(404, '仙葉茶', 0, 101),
(405, '大同鄉', 1, 102),
(406, '三灣鄉', 0, 102),
(407, '礁溪鄉', 0, 102),
(408, '古坑鄉', 0, 102),
(409, '礁溪鄉', 0, 103),
(410, '三星鄉', 1, 103),
(411, '瑞穗鄉', 0, 103),
(412, '石碇區', 0, 103),
(413, '高雄縣', 0, 104),
(414, '花蓮縣', 0, 104),
(415, '宜蘭縣', 1, 104),
(416, '臺東縣', 0, 104),
(417, '阿里山鄉', 0, 105),
(418, '鹿谷鄉', 0, 105),
(419, '北埔鄉', 1, 105),
(420, '鹿野鄉', 0, 105),
(421, '海山茶', 1, 106),
(422, '文山茶', 0, 106),
(423, '青山茶', 0, 106),
(424, '高山茶', 0, 106),
(425, '海山茶', 0, 107),
(426, '港口茶', 0, 107),
(427, '青山茶', 0, 107),
(428, '六龜茶', 1, 107),
(429, '自大陸福建引進', 1, 108),
(430, '由臺灣野生山茶繁殖', 0, 108),
(431, '由研究機關育成', 0, 108),
(432, '自印度引進', 0, 108),
(433, '一心一葉', 1, 109),
(434, '一心三葉', 0, 109),
(435, '一心四葉', 0, 109),
(436, '一心五葉', 0, 109),
(437, '一心', 0, 110),
(438, '一心二葉', 1, 110),
(439, '一心四葉', 0, 110),
(440, '一心六葉', 0, 110),
(441, '一心一葉', 0, 111),
(442, '一心', 0, 111),
(443, '一心三葉', 1, 111),
(444, '一心六葉', 0, 111),
(445, '一心一葉', 0, 112),
(446, '一心', 0, 112),
(447, '一心三葉', 1, 112),
(448, '一心六葉', 0, 112),
(449, '一心', 0, 113),
(450, '一心二葉', 1, 113),
(451, '一心五葉', 0, 113),
(452, '一心四葉', 0, 113),
(453, '茶葉展開像人的面', 0, 114),
(454, '茶芽長得很開', 0, 114),
(455, '當季茶芽停止生長後第一葉及第二葉呈對口', 1, 114),
(456, '茶芽生長面向開闊的方位', 0, 114),
(457, '100％', 0, 115),
(458, '0％', 0, 115),
(459, '60％', 1, 115),
(460, '200％', 0, 115),
(461, '100％', 0, 116),
(462, '0％', 1, 116),
(463, '60％', 0, 116),
(464, '200％', 0, 116),
(465, '茶菁採摘後，可以先堆置在田間曬太陽沒關係', 0, 117),
(466, '茶菁採摘後一定要先泡水洗灰塵曬乾後再進行製茶', 0, 117),
(467, '茶菁採摘後應該小心避免壓傷或悶熱造成傷害', 1, 117),
(468, '茶菁採摘後怕被風吹走可先以石頭或其他重物壓一下', 0, 117),
(469, '小綠葉蟬', 1, 118),
(470, '紅蜘蛛', 0, 118),
(471, '薊馬', 0, 118),
(472, '盲椿象', 0, 118),
(473, '凌晨', 0, 119),
(474, '清晨露水未乾前', 0, 119),
(475, '午時前後', 1, 119),
(476, '傍晚', 0, 119),
(477, '單人採茶機', 0, 120),
(478, '雙人採茶機', 1, 120),
(479, '鋏剪', 0, 120),
(480, '刀片', 0, 120),
(481, '1 人', 0, 121),
(482, '2 人', 0, 121),
(483, '3 人', 1, 121),
(484, '4 人', 0, 121),
(485, '1-2 月', 0, 122),
(486, '2-3 月', 0, 122),
(487, '3-5 月', 1, 122),
(488, '5-6 月', 0, 122),
(489, '1-2 月', 0, 123),
(490, '2-3 月', 0, 123),
(491, '4-6 月', 1, 123),
(492, '7-8 月', 0, 123),
(493, '4-5 月', 0, 124),
(494, '2-3 月', 0, 124),
(495, '5-7 月', 1, 124),
(496, '9-10 月', 0, 124),
(497, '4-5 月', 0, 125),
(498, '6-7 月', 0, 125),
(499, '8-9 月', 1, 125),
(500, '10-11 月', 0, 125),
(501, '6-7 月', 0, 126),
(502, '8-9 月', 0, 126),
(503, '9-10 月', 0, 126),
(504, '10-11 月', 1, 126),
(505, '立冬', 0, 127),
(506, '冬至', 1, 127),
(507, '大雪', 0, 127),
(508, '霜降', 0, 127),
(509, '早春時', 0, 128),
(510, '10 時以前', 1, 128),
(511, '12 時以後', 0, 128),
(512, '早冬時', 0, 128),
(513, '晚冬時', 0, 129),
(514, '10 時以前', 0, 129),
(515, '15 時以後', 1, 129),
(516, '晚春時', 0, 129),
(517, '端午節時', 0, 130),
(518, '午夜時', 0, 130),
(519, '15 時以後', 0, 130),
(520, '10-15 時', 1, 130),
(521, '16 時以後', 0, 131),
(522, '10 時以前', 1, 131),
(523, '12 時', 0, 131),
(524, '10-15 時', 0, 131),
(525, '宜等雨停後採收', 0, 132),
(526, '採收之前先掃除採摘面之雨水', 0, 132),
(527, '採收後之雨菁宜儘速攤平晾乾', 0, 132),
(528, '應予厚疊以防止雨菁失溫', 1, 132),
(529, '相同時間與人力，手採之茶菁數量會比機採多', 0, 133),
(530, '機採茶菁之芽葉完整性會比手採茶菁高', 0, 133),
(531, '手採茶菁製成之成茶ㄧ定比機採差', 0, 133),
(532, '機採茶菁容易有碎葉產生', 1, 133),
(533, '受病害的茶芽可以採製出好茶', 0, 134),
(534, '手採時不可抓大把茶菁不放，容易受擠壓傷害', 1, 134),
(535, '受病 害茶菁可以混在健康茶菁內製茶', 0, 134),
(536, '為增加茶菁重量應該在雨天採收茶菁', 0, 134),
(537, '以掛刀片手採茶菁時宜小心避免人員受傷', 0, 135),
(538, '單人機採時宜考慮茶袋所 能承載茶菁數量', 0, 135),
(539, '以鋏剪採收時應該儘量深剪', 1, 135),
(540, '雙人機採需注意採摘面高度進行調整', 0, 135),
(541, '春茶', 1, 136),
(542, '夏茶', 0, 136),
(543, '秋茶', 0, 136),
(544, '冬茶', 0, 136),
(545, '春茶', 0, 137),
(546, '夏茶', 1, 137),
(547, '秋茶', 0, 137),
(548, '冬茶', 0, 137),
(549, '春茶', 0, 138),
(550, '夏茶', 0, 138),
(551, '秋茶', 1, 138),
(552, '冬茶', 0, 138),
(553, '春茶', 0, 139),
(554, '夏茶', 0, 139),
(555, '秋茶', 0, 139),
(556, '冬茶', 1, 139),
(557, '春茶', 0, 140),
(558, '夏茶', 0, 140),
(559, '秋茶', 1, 140),
(560, '冬茶', 0, 140),
(561, '春季', 0, 141),
(562, '夏季', 1, 141),
(563, '秋季', 0, 141),
(564, '冬季', 0, 141),
(565, '春季', 1, 142),
(566, '夏季', 0, 142),
(567, '秋季', 0, 142),
(568, '冬季', 0, 142),
(569, '春季', 1, 143),
(570, '夏季', 0, 143),
(571, '秋季', 0, 143),
(572, '仲夏季', 0, 143),
(573, '春季', 0, 144),
(574, '夏季', 1, 144),
(575, '秋季', 0, 144),
(576, '冬季', 0, 144),
(577, '四季春', 1, 145),
(578, '青心烏龍', 0, 145),
(579, '鐵觀音', 0, 145),
(580, '金萱', 0, 145),
(581, '寒露', 0, 146),
(582, '白露', 1, 146),
(583, '霜降', 0, 146),
(584, '立秋', 0, 146),
(585, '11-13', 0, 147),
(586, '1-3', 0, 147),
(587, '8-10', 0, 147),
(588, '5-7', 1, 147),
(589, '3-5', 1, 148),
(590, '11-13', 0, 148),
(591, '9-10', 0, 148),
(592, '7-8', 0, 148),
(593, '2-3', 0, 149),
(594, '11-12', 0, 149),
(595, '9-10', 0, 149),
(596, '5-6', 1, 149),
(597, '四季春', 0, 150),
(598, '青心烏龍', 1, 150),
(599, '翠玉', 0, 150),
(600, '金萱', 0, 150),
(601, '茶菁採摘後可儘量堆積擠壓', 1, 151),
(602, '茶菁採摘後未送製茶廠前應該避免放置在高溫場所', 0, 151),
(603, '茶 菁採摘後應該儘快送回製茶廠', 0, 151),
(604, '茶菁採摘後應該避免雨淋', 0, 151),
(605, '茶園管理', 0, 152),
(606, '茶園土壤肥力', 0, 152),
(607, '種植環境', 0, 152),
(608, '製茶技術', 1, 152),
(609, '一般而言，早上 10 點到下午 3 點茶菁含水量最高', 0, 153),
(610, '雨天採收之茶菁與晴天採收之茶菁處理方式相同', 0, 153),
(611, '機械採收時剪深一些，可提高茶菁品質與數量', 0, 153),
(612, '茶菁採收後不宜長期留置茶園受風吹日曬', 1, 153),
(613, '以雙人採茶機採收茶菁時，應多準備收茶袋，裝滿即換袋避免重拖', 0, 154),
(614, '以單人採茶機採 收茶菁時，需注意避免茶袋被捲入刀刃處', 0, 154),
(615, '手採茶菁時，茶芽採愈長愈佳', 1, 154),
(616, '以鋏剪採收茶菁時，需注意不要 剪到老枝老葉', 0, 154),
(617, '中耕機', 1, 155),
(618, '鋏剪', 0, 155),
(619, '單人採茶機', 0, 155),
(620, '雙人採茶機', 0, 155),
(621, '高山茶區採收之茶菁必須運至平地製茶', 1, 156),
(622, '有機茶菁與慣行栽培茶菁須分開採製', 0, 156),
(623, '製茶 廠宜設置在茶園附近，以避免長途運送造成茶菁品質下降', 0, 156),
(624, '不論雨菁或一般茶菁都必須避免運送壓傷', 0, 156),
(625, '多品種茶園宜分品種採收', 0, 157),
(626, '有機茶園與慣行栽培茶園宜分區採收', 0, 157),
(627, '春茶產製時節，高 山茶區採收會晚於平地茶區', 0, 157),
(628, '因殺草劑非噴施於茶樹上，所以不必考慮安全採收期', 1, 157),
(629, '製茶的原料統稱為茶菁', 0, 158),
(630, '無論手採或機採，茶菁送到茶廠後應立即處理', 0, 158),
(631, '茶菁送到茶 廠後可堆積不須攤開，較不佔空間也不影響製茶品質', 1, 158),
(632, '晴天所採的茶菁容易製成品質良好的茶葉', 0, 158),
(633, '雨天所採的茶菁較難製成品質良好的茶葉', 0, 159),
(634, '茶菁化學成分含量是決定茶葉品質的重要 因素之一', 0, 159),
(635, '一般而言，春季茶菁的含水量高於夏季茶菁', 0, 159),
(636, '不同成熟度的茶菁原料混在一起製茶，比較容易製 得好茶。', 1, 159),
(637, '茶菁的化學成分含量雖然有高有低，但是不會影響茶葉的品質', 0, 160),
(638, '一般而言，下午採摘 的茶菁含水量高於上午採摘的茶菁', 0, 160),
(639, '茶菁採收後就不再進行呼吸作用', 0, 160),
(640, '不同品種的茶菁原料分別製茶，比較 容易控制品質', 1, 160),
(641, '製作綠茶之茶菁原料應以嫩採為佳', 0, 161),
(642, '茶菁採收後仍會進行光合作用而產生熱能', 1, 161),
(643, '茶菁 採收後應及時運送、及時攤涼、及時製茶', 0, 161),
(644, '茶菁的嫩葉含水量較成熟葉高', 0, 161),
(645, '茶樹噴施農藥後，必須經過安全採收期後才可以採摘茶菁', 0, 162),
(646, '茶樹之病蟲草害防治，必 須採用政府推薦之農藥', 0, 162),
(647, '茶樹噴施農藥須遵照安全用藥稀釋倍數調製', 0, 162),
(648, '准許噴施於蔬菜的農藥都可以用在茶樹', 1, 162),
(649, '茶菁含水量和採收時間、季節與天氣有關', 0, 163),
(650, '茶菁愈嫩，製茶率較低', 0, 163),
(651, '茶菁含水量較低 時，製成茶葉的製茶率較高', 0, 163),
(652, '雨天採收的茶菁製茶率較高', 1, 163),
(653, '16 毫升', 1, 164),
(654, '160 毫升', 0, 164),
(655, '10 毫升', 0, 164),
(656, '100 毫升', 0, 164),
(657, '1000 倍', 0, 165),
(658, '2000 倍', 0, 165),
(659, '5000倍', 1, 165),
(660, '100倍', 0, 165),
(661, '16 毫升', 0, 166),
(662, '250毫升', 1, 166),
(663, '40 毫升', 0, 166),
(664, '100 毫升', 0, 166),
(665, '1000 倍', 0, 167),
(666, '2000 倍', 0, 167),
(667, '500倍', 1, 167),
(668, '100倍', 0, 167),
(669, '氮肥', 1, 168),
(670, '磷肥', 0, 168),
(671, '鉀肥', 0, 168),
(672, '鈣肥', 0, 168),
(673, '青茶', 0, 169),
(674, '新茶', 0, 169),
(675, '茶菁', 1, 169),
(676, '生茶', 0, 169),
(677, '不變', 0, 170),
(678, '紅變', 1, 170),
(679, '灰變', 0, 170),
(680, '黑變', 0, 170),
(681, '春季', 0, 171),
(682, '夏季', 1, 171),
(683, '秋季', 0, 171),
(684, '冬季', 0, 171),
(685, '茶菁嫩葉', 1, 172),
(686, '成熟老葉', 0, 172),
(687, '茶梗', 0, 172),
(688, '茶種籽', 0, 172),
(689, '呼吸作用', 1, 173),
(690, '蒸散作用', 0, 173),
(691, '光合作用', 0, 173),
(692, '生合成作用', 0, 173),
(693, '嫩葉要與老葉分開', 0, 174),
(694, '雨露葉要與晴天葉分開', 0, 174),
(695, '隔夜茶菁要與當天茶菁分開', 0, 174),
(696, '男工採的茶菁要與女工採的茶菁分開', 1, 174),
(697, '脆度', 0, 175),
(698, '鮮度', 1, 175),
(699, '軟度', 0, 175),
(700, '硬度', 0, 175),
(701, '應使用政府推薦藥劑', 0, 176),
(702, '應遵照稀釋倍數', 0, 176),
(703, '應遵守安全採收期', 0, 176),
(704, '只要有效就好', 1, 176),
(705, '葉質柔軟', 0, 177),
(706, '葉肉肥厚', 0, 177),
(707, '遭小綠葉蟬叮咬', 1, 177),
(708, '頂芽開面', 0, 177),
(709, '採摘方式', 0, 178),
(710, '茶樹樹齡', 1, 178),
(711, '茶菁之老嫩', 0, 178),
(712, '茶菁之含水量', 0, 178),
(713, '茶菁原料重', 1, 179),
(714, '茶梗的重量', 0, 179),
(715, '製茶時間', 0, 179),
(716, '成茶種類', 0, 179),
(717, '4 月 16 日', 0, 180),
(718, '4 月 20 日', 0, 180),
(719, '4 月 12日', 0, 180),
(720, '4 月 23 日', 1, 180),
(721, '7 日', 1, 181),
(722, '14日', 0, 181),
(723, '21日', 0, 181),
(724, '10日', 0, 181),
(725, '5 月 23 日', 0, 182),
(726, '4 月 10 日', 1, 182),
(727, '4 月 23 日', 0, 182),
(728, '5 月 10 日', 0, 182),
(729, '5 月 3 日', 0, 183),
(730, '5 月 7 日', 1, 183),
(731, '4 月 20 日', 0, 183),
(732, '4 月 30 日', 0, 183),
(733, '2.8％畢芬寧乳劑', 0, 184),
(734, '10％芬普寧可濕性粉劑', 0, 184),
(735, '25％□離丹可濕性粉劑', 0, 184),
(736, '9.6％益達胺溶液', 1, 184),
(737, '茶葉?', 0, 185),
(738, '神澤氏葉?', 0, 185),
(739, '臺灣青銅金龜', 1, 185),
(740, '?', 0, 185),
(741, '24％巴拉刈溶液', 0, 186),
(742, '45％裡有龍可濕性粉劑', 0, 186),
(743, '80％達有龍可濕性粉劑', 0, 186),
(744, '25％百滅寧可濕性粉劑', 1, 186),
(745, '施用 4％畢汰芬水懸劑 3000 倍', 1, 187),
(746, '冬季修剪枝應將裙枝剪除，保持茶園良好通風', 0, 187),
(747, '施用苦楝油 1000 倍', 0, 187),
(748, '用竹片夾住黃色黏板放置在樹冠上，誘殺成蟲', 0, 187),
(749, '施用辣椒粉：蒜頭粉：釀造醋=1：1：1，300-500 倍', 0, 188),
(750, '卵多產於幼梢 節間組織內，由於卵粒上有二條白毛露出，發現後將之剪除消毀', 0, 188),
(751, '卵多產於幼梢 節間組織內，由於卵粒上有二條白毛露出，發現後將之剪除消毀', 0, 188),
(752, '施用 3％阿納寧可濕 性粉劑1500 倍', 1, 188),
(753, '清除茶園雜草', 0, 189),
(754, '條剪樹勢，促進茶園通風', 0, 189),
(755, '以性費洛蒙誘殺雄蟲來防治', 1, 189),
(756, '合理化施肥保持樹勢，增加茶樹抵抗受害的能力', 0, 189),
(757, '避免造成茶樹之機械傷害', 0, 190),
(758, '徹底剪除病枝條，剪除之枯枝應搬離茶園或燒毀', 0, 190),
(759, '選植抗病性品種', 0, 190),
(760, '施用 50％免賴得可濕性粉劑 1500 倍', 1, 190),
(761, '將附著菌索之枝條剪除，發生嚴重之茶園建議台刈更新茶樹', 0, 191),
(762, '徹底剪 除病枝條，剪除之枯枝應搬離茶園或燒毀', 0, 191),
(763, '台刈後之茶園可利用火焰燒灼的方法燒除殘存於枝條上的菌索', 0, 191),
(764, '施用殺蟲劑防治', 1, 191),
(765, '改善茶園環境，注意茶園排水', 0, 192),
(766, '施用殺蟲劑防治', 1, 192),
(767, '施用殺菌劑防治', 0, 192),
(768, '增加日照時間及通風，降低茶園濕度', 0, 192),
(769, '利用幼蟲群聚習性行人工捕殺或摘除卵塊', 0, 193),
(770, '施用蘇力菌防治', 0, 193),
(771, '施用殺蟲劑 防治', 0, 193),
(772, ' ?劑防治', 1, 193),
(773, '性費洛蒙合成劑誘殺雄蛾', 0, 194),
(774, '以人工方式摘除蟲葉', 0, 194),
(775, '施用殺蟲劑防治 ', 0, 194),
(776, '施用殺菌劑防治', 1, 194),
(777, '桔黃銹蜱', 0, 195),
(778, '茶黃薊馬', 1, 195),
(779, '錫蘭偽葉?', 0, 195),
(780, '紫銹蜱', 0, 195),
(781, '背面迎風前行', 0, 196),
(782, '正面迎風前行', 0, 196),
(783, '正面迎風前行', 0, 196),
(784, '背面迎風倒行', 1, 196),
(785, '戴手套用手攪拌藥桶', 0, 197),
(786, '戴手套用攪拌棒攪拌藥桶', 1, 197),
(787, '不戴手套直接用手攪拌藥桶', 0, 197),
(788, '穿雨褲用腳攪拌藥桶，以使農藥溶解均勻', 0, 197),
(789, '異物雜草', 0, 198),
(790, '重金屬', 0, 198),
(791, '化學農藥殘留', 0, 198),
(792, '發酵', 1, 198),
(793, '裝載茶菁原料容器是否衛生管理及清潔', 0, 199),
(794, '是否混有異物雜草等', 0, 199),
(795, '茶菁生產紀錄表', 0, 199),
(796, '茶菁採收成熟度紀錄表', 1, 199),
(797, '是否根據發生預警資訊， 把握病蟲害防治時機，而展開積極防治作業', 0, 200),
(798, '採收時是否遵守安全採收期 ', 0, 200),
(799, '操作人員是否進行日常衛生管理檢查', 1, 200),
(800, '是否進行農藥或資材之登記、用量記錄', 0, 200),
(801, '人工除草', 0, 201),
(802, '以生物防治法防治害蟲', 0, 201),
(803, '以嘉磷賽防治雜草', 1, 201),
(804, '去除田間之有病枝條並銷毀之', 0, 201),
(805, '青茶', 0, 202),
(806, '新茶', 0, 202),
(807, '茶菁', 1, 202),
(808, '生茶', 0, 202),
(809, '氧化作用', 1, 203),
(810, '還原作用', 0, 203),
(811, '分解作用', 0, 203),
(812, '取代作用', 0, 203),
(813, '10～15', 0, 204),
(814, '15～20', 0, 204),
(815, '30～35', 1, 204),
(816, '45～50	℃', 0, 204),
(817, '品種不同', 0, 205),
(818, '季節不同', 0, 205),
(819, '製法不同', 1, 205),
(820, '產區不同', 0, 205),
(821, '低溫、長時間', 0, 206),
(822, '低溫、短時間', 0, 206),
(823, '高溫、長時間', 0, 206),
(824, '高溫、短時間', 1, 206),
(825, '溫度', 0, 207),
(826, '轉速', 0, 207),
(827, '時間', 0, 207),
(828, '壓力', 1, 207),
(829, '變黑', 0, 208),
(830, '變黃', 1, 208),
(831, '變青', 0, 208),
(832, '變綠', 0, 208),
(833, '10~15', 0, 209),
(834, '20~25', 1, 209),
(835, '35~40', 0, 209),
(836, '40～45', 0, 209),
(837, '短', 1, 210),
(838, '相同', 0, 210),
(839, '長', 0, 210),
(840, '隨意', 0, 210),
(841, '提高溫度', 0, 211),
(842, '提高炒 菁筒轉速', 0, 211),
(843, '開啟送風', 1, 211),
(844, '增加茶菁投入量', 0, 211),
(845, '黃綠', 0, 212),
(846, '褐黃', 0, 212),
(847, '暗綠', 1, 212),
(848, '淡綠', 0, 212),
(849, '縮短時間、減輕壓力', 0, 213),
(850, '縮短時間、加重壓力', 0, 213),
(851, '延長時間、 減輕壓力', 0, 213),
(852, '延長時間、加重壓力', 1, 213),
(853, '多元酚類氧化酵素', 1, 214),
(854, '酒精氧化酵素', 0, 214),
(855, '醋酸氧化酵素', 0, 214),
(856, '乳酸氧化酵素', 0, 214),
(857, '凍頂烏龍茶', 0, 215),
(858, '鐵觀音', 0, 215),
(859, '文山包種茶', 1, 215),
(860, '松柏長青茶', 0, 215),
(861, '排除多餘的水蒸氣', 0, 216),
(862, '避免結塊', 0, 216),
(863, '使產生悶味', 1, 216),
(864, '保持茶葉的翠綠色', 0, 216),
(865, '避免不良味道產生', 0, 217),
(866, '避免外觀色澤劣變 ', 0, 217),
(867, '避免團塊產生', 0, 217),
(868, '避免發酵作用繼續進行', 1, 217),
(869, '葉綠素', 0, 218),
(870, '兒茶素類', 1, 218),
(871, '咖啡因', 0, 218),
(872, '可溶性醣類', 0, 218),
(873, '包種茶', 0, 219),
(874, '東方美人茶', 1, 219),
(875, '鐵觀音', 0, 219),
(876, '紅茶', 0, 219),
(877, '菁味', 1, 220),
(878, '熟味', 0, 220),
(879, '火味', 0, 220),
(880, '澀味', 0, 220),
(881, '120～150', 0, 221),
(882, '180～200', 0, 221),
(883, '250～300', 1, 221),
(884, '380～400℃', 0, 221),
(885, '促進發酵作用', 0, 222),
(886, '使茶菁水分均勻散失', 0, 222),
(887, '提高葉溫', 1, 222),
(888, '可提高氧化酵素活性', 0, 222),
(889, '炒菁', 0, 223),
(890, '布球團揉', 1, 223),
(891, '靜置回潤', 0, 223),
(892, '攪拌', 0, 223),
(893, '自身酵素', 1, 224),
(894, '酵母菌', 0, 224),
(895, '乳酸菌', 0, 224),
(896, '麴菌', 0, 224),
(897, '減少芽葉含水量，以利揉捻', 0, 225),
(898, '透過炒菁翻動，促使發酵', 1, 225),
(899, '去除菁味，提高品質', 0, 225),
(900, '停止茶葉發酵作用', 0, 225),
(901, '前後一致', 0, 226),
(902, '先重後輕', 0, 226),
(903, '先輕後重', 1, 226),
(904, '無需調整壓力', 0, 226),
(905, '文山包種茶', 0, 227),
(906, '鐵觀音', 1, 227),
(907, '椪(膨)風茶', 0, 227),
(908, '白茶', 0, 227),
(909, '4～5 次', 1, 228),
(910, '7-8 次', 0, 228),
(911, '2 次', 0, 228),
(912, '1 次', 0, 228),
(913, '萎凋', 1, 229),
(914, '揉捻', 0, 229),
(915, '攪拌', 0, 229),
(916, '靜置回潤', 0, 229),
(917, '5～10', 0, 230),
(918, '20～40', 1, 230),
(919, '50～70', 0, 230),
(920, '80～100', 0, 230),
(921, '包種茶', 0, 231),
(922, '烏龍茶', 0, 231),
(923, '鐵觀音', 0, 231),
(924, '碎形紅茶', 1, 231),
(925, '細緻', 0, 232),
(926, '緊結', 0, 232),
(927, '粗鬆', 1, 232),
(928, '勻整', 0, 232),
(929, '白茶', 0, 233),
(930, '條形紅茶', 0, 233),
(931, '文山包種茶', 1, 233),
(932, '綠茶', 0, 233),
(933, '條形包種茶', 0, 234),
(934, '半球形包種茶', 0, 234),
(935, '白茶類', 0, 234),
(936, '椪(膨)風茶', 1, 234),
(937, '凍頂烏龍茶', 0, 235),
(938, '文山包種茶', 0, 235),
(939, '椪(膨)風茶', 1, 235),
(940, '鐵觀音', 0, 235),
(941, '日光萎凋', 0, 236),
(942, '室內萎凋及攪拌', 0, 236),
(943, '炒菁', 1, 236),
(944, '乾燥', 0, 236),
(945, '凍頂烏龍茶', 1, 237),
(946, '文山包種茶', 0, 237),
(947, '白茶類', 0, 237),
(948, '椪風茶', 0, 237),
(949, '紅茶', 0, 238),
(950, '包種茶', 1, 238),
(951, '綠茶', 0, 238),
(952, '白茶', 0, 238),
(953, '白茶', 1, 239),
(954, '包種茶', 0, 239),
(955, '烏龍茶', 0, 239),
(956, '鐵觀音', 0, 239),
(957, '紅茶', 0, 240),
(958, '包種茶', 1, 240),
(959, '綠茶', 0, 240),
(960, '白茶', 0, 240),
(961, '文山包種茶', 0, 241),
(962, '白茶', 0, 241),
(963, '鐵觀音', 1, 241),
(964, '凍頂烏龍茶', 0, 241),
(965, '8～9', 0, 242),
(966, '6～7', 0, 242),
(967, '5～6', 0, 242),
(968, '2～3', 1, 242),
(969, '綠茶', 0, 243),
(970, '紅茶', 0, 243),
(971, '白茶', 0, 243),
(972, '包種茶', 1, 243),
(973, '綠茶', 0, 244),
(974, '文山包種茶', 0, 244),
(975, '白茶類', 1, 244),
(976, '椪風茶', 0, 244),
(977, '紅茶', 0, 245),
(978, '文山包種茶', 0, 245),
(979, '鐵觀音', 1, 245),
(980, '椪風茶', 0, 245),
(981, '綠茶', 0, 246),
(982, '凍頂烏龍茶', 0, 246),
(983, '白茶類', 1, 246),
(984, '紅茶', 0, 246),
(985, '角質層', 0, 247),
(986, '葉緣', 0, 247),
(987, '氣孔', 1, 247),
(988, '皮孔', 0, 247),
(989, '不影響', 0, 248),
(990, '變紅褐', 1, 248),
(991, '變青綠', 0, 248),
(992, '變灰黑', 0, 248),
(993, '先到先製', 1, 249),
(994, '先到後製', 0, 249),
(995, '後到先製', 0, 249),
(996, '混合一起製', 0, 249),
(997, '0-1％', 0, 250),
(998, '7-8％', 0, 250),
(999, '3-5％', 1, 250),
(1000, '10-11％', 0, 250),
(1001, '萎凋→靜置攪拌→殺菁→揉捻→乾燥', 1, 251),
(1002, '萎凋→靜置攪拌→揉捻→殺菁→乾燥', 0, 251),
(1003, '萎凋→靜置攪拌→初乾回潤→覆炒→復揉→乾燥', 0, 251),
(1004, '萎凋→靜置攪拌→揉捻→初乾回潤→覆炒→乾燥', 0, 251),
(1005, '初揉→初乾回潤→包布揉', 1, 252),
(1006, '初揉→包布揉→初乾回潤', 0, 252),
(1007, '初乾回 潤→初揉→包布揉', 0, 252),
(1008, '初乾回潤→攪拌→包布揉', 0, 252),
(1009, '殺菁→揉捻→乾燥', 0, 253),
(1010, '殺菁→濕布回潤→揉捻→乾燥', 1, 253),
(1011, '初乾回 潤→覆炒→復揉→乾燥', 0, 253),
(1012, '揉捻→初乾回潤→覆炒→乾燥', 0, 253),
(1013, '綠茶', 0, 254),
(1014, '白茶', 0, 254),
(1015, '文山包種茶', 0, 254),
(1016, '半球形(球形)包種茶', 1, 254),
(1017, '愈來愈輕', 0, 255),
(1018, '愈來愈重', 1, 255),
(1019, '前後一致', 0, 255),
(1020, '無所謂', 0, 255),
(1021, '愈來愈短', 0, 256),
(1022, '愈來愈長', 1, 256),
(1023, '前後一致', 0, 256),
(1024, '無所謂', 0, 256),
(1025, '5~10', 1, 257),
(1026, '20-25', 0, 257),
(1027, '30-35', 0, 257),
(1028, '0-45 ％', 0, 257),
(1029, '10', 0, 258),
(1030, '30', 0, 258),
(1031, '50', 1, 258),
(1032, '70', 0, 258),
(1033, '攤涼後立即揉捻', 0, 259),
(1034, '趁熱快揉', 1, 259),
(1035, '隔日再揉', 0, 259),
(1036, '隨時皆可', 0, 259),
(1037, '攤涼後立即揉捻', 1, 260),
(1038, '趁熱快揉', 0, 260),
(1039, '隔日再揉', 0, 260),
(1040, '隨時皆可', 0, 260),
(1041, '降低茶葉含水量', 0, 261),
(1042, '去除雜味', 0, 261),
(1043, '改善茶葉品質', 0, 261),
(1044, '使外觀色澤變暗綠。', 1, 261),
(1045, '前低後高', 0, 262),
(1046, '水平', 1, 262),
(1047, '前高後低', 0, 262),
(1048, '不須調整', 0, 262),
(1049, '5', 0, 263),
(1050, '15', 1, 263),
(1051, '25', 0, 263),
(1052, '35', 0, 263),
(1053, '1~3', 0, 264),
(1054, '11~15', 0, 264),
(1055, '6~10', 1, 264),
(1056, '15~20', 0, 264),
(1057, '關瓦斯→停止炒菁筒運轉→送風冷卻', 0, 265),
(1058, '停止炒菁筒 運轉→關瓦斯→送風冷卻', 0, 265),
(1059, '關瓦斯→送風冷卻→停止炒菁筒運轉', 1, 265),
(1060, '送風冷卻→停止炒菁筒運轉→關瓦斯', 0, 265),
(1061, '望月式揉捻機', 0, 266),
(1062, '束包機', 0, 266),
(1063, '攪拌機', 1, 266),
(1064, '布球揉捻機', 0, 266),
(1065, '包種茶', 0, 267),
(1066, '紅茶', 1, 267),
(1067, '烏龍茶', 0, 267),
(1068, '碧螺春', 0, 267),
(1069, '嫩葉時調小', 1, 268),
(1070, '老葉時調小', 0, 268),
(1071, '嫩葉時調大', 0, 268),
(1072, '不因茶菁老嫩而 變。', 0, 268),
(1073, '布球揉捻機', 0, 269),
(1074, '束包機', 0, 269),
(1075, '桶球機', 0, 269),
(1076, '望月式揉捻機。', 1, 269),
(1077, '柴油', 0, 270),
(1078, '重油', 0, 270),
(1079, '瓦斯', 1, 270),
(1080, '薪炭', 0, 270),
(1081, '1~3', 0, 271),
(1082, '6~8', 1, 271),
(1083, '12~14', 0, 271),
(1084, '18~20', 0, 271),
(1085, '炒菁溫度', 0, 272),
(1086, '投入之炒菁量', 0, 272),
(1087, '茶菁在炒菁筒內的均勻 分佈', 0, 272),
(1088, '大氣壓力。', 1, 272),
(1089, '儘快全部投入', 1, 273),
(1090, '慢慢的來', 0, 273),
(1091, '無所謂', 0, 273),
(1092, '先慢後快', 0, 273),
(1093, '炒菁溫度自動調節', 0, 274),
(1094, '炒菁時間設定', 0, 274),
(1095, '炒菁機底座滑輪', 1, 274),
(1096, '炒菁 筒內送排風裝置', 0, 274),
(1097, '炒菁機容量為揉捻機之 2 倍', 0, 275),
(1098, '揉捻機容量為炒菁機之 2 倍', 0, 275),
(1099, '兩者作業容量相當', 1, 275),
(1100, '揉捻機容量為炒菁機之 3 倍', 0, 275),
(1101, '機體之長度', 0, 276),
(1102, '輸送片之寬度', 0, 276),
(1103, '輸送片層數', 0, 276),
(1104, '輸送片數 目', 1, 276),
(1105, '篩分機', 1, 277),
(1106, '乾燥機', 0, 277),
(1107, '攪拌機', 0, 277),
(1108, '炒菁機', 0, 277),
(1109, '炒菁機', 0, 278),
(1110, '浪菁機', 0, 278),
(1111, '風選機', 1, 278),
(1112, '揉捻機', 0, 278),
(1113, '應使炒菁機保持水平', 0, 279),
(1114, '炒菁機傾斜並不影響茶葉品質', 1, 279),
(1115, '炒 菁機附有溫度及時間控制裝置', 0, 279),
(1116, '依茶菁狀況調整炒菁溫度', 0, 279),
(1117, '依茶菁狀況調整炒菁時間', 0, 280),
(1118, '需等溫度到達時，始可放入茶菁', 0, 280),
(1119, '放入茶菁 前需先傾倒機器確認鍋內沒有雜物', 0, 280),
(1120, '轉速可隨意調整亦不影響炒菁品質', 1, 280),
(1121, '茶菁愈嫩，轉速愈快', 1, 281),
(1122, '茶菁 愈成熟，轉速愈快', 0, 281),
(1123, '茶菁愈嫩，轉速愈慢', 0, 281),
(1124, '轉速與茶菁老嫩無關聯。', 0, 281),
(1125, '轉速不影響炒菁品質', 0, 282),
(1126, '轉速愈慢，茶菁 易炒焦', 1, 282),
(1127, '轉速愈快，茶菁水分散失慢', 0, 282),
(1128, '轉速愈慢，茶菁水分較易散失', 0, 282),
(1129, '低溫長時間炒菁易造成茶菁黃化', 0, 283),
(1130, '一般炒菁需視茶菁狀況調整，炒 菁時間大約為 6~10 分鐘', 0, 283),
(1131, '綠茶炒菁時宜低溫長時間', 1, 283),
(1132, '包種茶炒菁時嫩採茶菁宜採高溫及快轉速。', 0, 283),
(1133, '主要藉由揉捻盤上的金屬條促使茶葉捲曲成形', 1, 284),
(1134, '揉捻機卸茶時可不 必停止運轉直接放下揉捻盤', 0, 284),
(1135, '掉出揉捻盤之茶菁可用手撥回', 0, 284),
(1136, '一開始就必需採重壓揉捻', 0, 284),
(1137, '茶菁較嫩時揉捻機壓力增大促使成條狀', 0, 285),
(1138, '茶菁較老時揉捻機壓力減小促使成條狀', 0, 285),
(1139, '茶菁較老時揉捻機壓力增大促使成條狀', 1, 285),
(1140, '揉捻壓力不影響茶葉成形。', 0, 285),
(1141, '伊達式揉捻機', 0, 286),
(1142, 'C.T.C 揉捻機', 0, 286),
(1143, '望月式揉捻機', 1, 286),
(1144, 'Jackson 揉捻機', 0, 286),
(1145, '茶葉乾燥機一般分為甲種乾燥機、乙種乾燥機、箱型乾燥機', 0, 287),
(1146, '甲 種乾燥機一般以乾燥風速為規格認定標準', 1, 287),
(1147, '甲種乾燥機可連續操作、乙種為批式操作', 0, 287),
(1148, '乙種乾燥機熱風由下 往上吹送。', 0, 287),
(1149, '主要燃料為柴油、瓦斯等', 0, 288),
(1150, '啟動時先開啟燃燒機再啟 動送風機', 0, 288),
(1151, '需等溫度到達時始可放入茶葉', 0, 288),
(1152, '使用前無需清理內部', 1, 288),
(1153, '一個禮拜', 0, 289),
(1154, '一個月', 0, 289),
(1155, '一年', 0, 289),
(1156, '使用完畢後', 1, 289),
(1157, '隨時清潔保養並填寫紀錄表', 1, 290),
(1158, '只要不是大問題，可不必保養或更 換零件', 0, 290),
(1159, '製茶主要訴求為好喝，機械保養可較不重視', 0, 290),
(1160, '製茶人員不需具備機械保養常識', 0, 290),
(1161, '愈靠近機械及工作場區愈好', 0, 291),
(1162, '與機械及工作場 區適當區隔', 1, 291),
(1163, '愈遠離機械及工作場區愈好', 0, 291),
(1164, '放置位置不影響', 0, 291),
(1165, '初乾', 0, 292),
(1166, '成形', 0, 292),
(1167, '停止茶葉發酵作用', 0, 292),
(1168, '促進發酵', 1, 292),
(1169, '促進發酵', 0, 293),
(1170, '成形', 0, 293),
(1171, '使外觀色澤變暗綠', 0, 293),
(1172, '降低水分含量，使茶葉可長期 保存。', 1, 293),
(1173, '攪拌', 0, 294),
(1174, '室內萎凋', 0, 294),
(1175, '日光萎凋', 1, 294),
(1176, '炒菁', 0, 294),
(1177, '綠茶、紅茶、黃茶', 0, 295),
(1178, '白茶、青茶、紅茶', 1, 295),
(1179, '白茶、青茶、綠茶', 0, 295),
(1180, '黃茶、白茶、青茶。', 0, 295),
(1181, '綠茶', 0, 296),
(1182, '包種茶', 0, 296),
(1183, '白茶', 1, 296),
(1184, '黃茶', 0, 296),
(1185, '水分散失', 0, 297),
(1186, '體積減少', 0, 297),
(1187, '為了調整製茶時程', 1, 297),
(1188, '重量減少', 0, 297),
(1189, '綠茶', 0, 298),
(1190, '包種茶', 1, 298),
(1191, '白茶', 0, 298),
(1192, '黃茶', 0, 298),
(1193, '包種茶', 1, 299),
(1194, '綠茶', 0, 299),
(1195, '白茶', 0, 299),
(1196, '黃茶', 0, 299),
(1197, '黃茶', 0, 300),
(1198, '白茶', 1, 300),
(1199, '綠茶', 0, 300),
(1200, '包種茶', 0, 300),
(1201, '綠茶＞紅茶＞黃茶', 0, 301),
(1202, '白茶＞紅茶＞青茶', 1, 301),
(1203, '白茶＞青茶＞綠茶', 0, 301),
(1204, '黃 茶＞白茶＞青茶。', 0, 301),
(1205, '青茶', 1, 302),
(1206, '紅茶', 0, 302),
(1207, '綠茶', 0, 302),
(1208, '白茶', 0, 302),
(1209, '青茶', 0, 303),
(1210, '紅茶', 0, 303),
(1211, '黃茶', 1, 303),
(1212, '白茶', 0, 303),
(1213, '炒菁', 0, 304),
(1214, '烘焙', 0, 304),
(1215, '日光萎凋', 1, 304),
(1216, '揉捻', 0, 304),
(1217, '文山包種茶', 0, 305),
(1218, '凍頂烏龍茶', 0, 305),
(1219, '日月潭紅茶', 1, 305),
(1220, '東方美人茶', 0, 305),
(1221, '凍頂烏龍茶', 1, 306),
(1222, '日月潭紅茶', 0, 306),
(1223, '三峽碧螺春', 0, 306),
(1224, '三峽綠茶', 0, 306),
(1225, '凍頂烏龍茶', 0, 307),
(1226, '文山包種茶', 0, 307),
(1227, '東方美人茶', 1, 307),
(1228, '蜜香紅茶', 0, 307),
(1229, '室內萎凋', 0, 308),
(1230, '日光萎凋', 1, 308),
(1231, '攪拌', 0, 308),
(1232, '炒菁', 0, 308),
(1233, '日光萎凋', 0, 309),
(1234, '炒菁', 0, 309),
(1235, '攪拌', 0, 309),
(1236, '室內萎凋及攪拌', 1, 309),
(1237, '炒菁        ', 0, 310),
(1238, '室內萎凋        ', 0, 310),
(1239, '攪拌  ', 0, 310),
(1240, '日光萎凋', 1, 310),
(1241, '炒菁        ', 0, 311),
(1242, '室內萎凋        ', 1, 311),
(1243, '攪拌  ', 0, 311),
(1244, '日光萎凋', 0, 311),
(1245, '炒菁        ', 0, 312),
(1246, '室內萎凋        ', 0, 312),
(1247, '攪拌        ', 1, 312),
(1248, '日光萎凋', 0, 312),
(1249, '天候不佳時可用於替代日光萎凋', 0, 313),
(1250, '可於室內操作減少外在環境污染  ', 0, 313),
(1251, '可藉由控制溫度及風速來調整萎凋程度', 0, 313),
(1252, '溫度愈高愈好', 1, 313),
(1253, '停止發酵', 0, 314),
(1254, '繼續發酵', 1, 314),
(1255, '含水量增加', 0, 314),
(1256, '體積增加', 0, 314),
(1257, '不影響後續萎凋作業之進行', 0, 315),
(1258, '不影響製茶品質', 0, 315),
(1259, '可進行熱風萎凋', 1, 315),
(1260, '宜縮短室內萎凋時間', 0, 315),
(1261, '不影響製茶香味品質        ', 0, 316),
(1262, '不影響後續萎凋作業        ', 0, 316),
(1263, '宜縮短室內萎凋時間        ', 0, 316),
(1264, '成茶易產生 菁味', 1, 316),
(1265, '宜縮短室內萎凋時間', 0, 317),
(1266, '不影響後續萎凋作業', 0, 317),
(1267, '不易製成香氣清揚之 成茶品質', 1, 317),
(1268, '有利展現成茶之甘醇品質', 0, 317),
(1269, '30', 0, 318),
(1270, '50', 0, 318),
(1271, '70', 1, 318),
(1272, '90％', 0, 318),
(1273, '需經常以人工反覆翻動茶菁 ', 0, 319),
(1274, '處理非常費時費工 ', 0, 319),
(1275, '易產生茶菁含水量不均勻現象 ', 0, 319),
(1276, '茶菁含水量高，有利於製茶品質', 1, 319),
(1277, '甘甜', 0, 320),
(1278, '淡', 1, 320),
(1279, '醇厚', 0, 320),
(1280, '濃郁', 0, 320),
(1281, '綠       ', 0, 321),
(1282, '偏黃', 1, 321),
(1283, '偏暗綠', 0, 321),
(1284, ' 偏紅', 0, 321),
(1285, '鮮綠 ', 0, 322),
(1286, '偏黃', 0, 322),
(1287, '暗綠', 0, 322),
(1288, '偏淡', 1, 322),
(1289, '揚', 0, 323),
(1290, '不揚', 1, 323),
(1291, '濃 ', 0, 323),
(1292, '花香', 0, 323),
(1293, '清揚 ', 0, 324),
(1294, '不揚', 1, 324),
(1295, '濃', 0, 324),
(1296, '花香', 0, 324),
(1297, '甘甜', 0, 325),
(1298, '菁澀', 1, 325),
(1299, '醇厚 ', 0, 325),
(1300, '濃郁', 0, 325),
(1301, '漸次加重', 1, 326),
(1302, '漸次宜輕', 0, 326),
(1303, '輕重不變', 0, 326),
(1304, '無關品質', 0, 326),
(1305, '長短不變', 0, 327),
(1306, '漸次減短', 0, 327),
(1307, '漸次增長', 1, 327),
(1308, '無關品質', 0, 327),
(1309, '宜輕', 1, 328),
(1310, '宜重', 0, 328),
(1311, '先重而後輕', 0, 328),
(1312, '無關品質', 0, 328),
(1313, '文山包種茶', 0, 329),
(1314, '凍頂烏龍茶', 1, 329),
(1315, '東方美人茶', 0, 329),
(1316, '鐵觀音茶', 0, 329),
(1317, '茶菁堆積過久且發酵不當', 1, 330),
(1318, '炒菁溫度過低', 0, 330),
(1319, '揉捻時間過久 ', 0, 330),
(1320, '乾燥過度所致', 0, 330),
(1321, '水分散失過快(消水)', 0, 331),
(1322, '行水不順(積水)', 1, 331),
(1323, '行水順暢(走水) ', 0, 331),
(1324, '無關水分變化', 0, 331),
(1325, '花香', 0, 332),
(1326, '菁味', 1, 332),
(1327, '悶味', 0, 332),
(1328, '日曬味', 0, 332),
(1329, '綠茶', 0, 333),
(1330, '紅茶', 0, 333),
(1331, '普洱茶', 0, 333),
(1332, '烏龍茶', 1, 333),
(1333, '焦味 ', 0, 334),
(1334, '悶味 ', 0, 334),
(1335, '菁味 ', 1, 334),
(1336, '澀味', 0, 334),
(1337, '明亮', 0, 335),
(1338, '混濁不清', 1, 335),
(1339, '清澈', 0, 335),
(1340, '琥珀鮮黃', 0, 335),
(1341, '使氧化酵素不活化', 0, 336),
(1342, '停止發酵作用', 0, 336),
(1343, '減少水分', 0, 336),
(1344, '繼續發酵作用', 1, 336),
(1345, '炒菁機', 0, 337),
(1346, '望月式揉捻機', 0, 337),
(1347, '甲種乾燥機', 0, 337),
(1348, '焙籠', 1, 337),
(1349, '可用於替代手工攪拌', 0, 338),
(1350, '浪菁至茶菁具有菁味時即可停止 ', 0, 338),
(1351, '浪菁時間及轉速隨次數增加而增加', 0, 338),
(1352, '若知道浪菁機容量為 80 斤，則浪菁時可一次倒入 80 斤茶菁', 1, 338),
(1353, '束包機→布球揉捻機→解塊機', 1, 339),
(1354, '布球揉捻機→解塊機→束包機        ', 0, 339),
(1355, '束包機→解塊機→布球揉捻機', 0, 339),
(1356, '解塊機→布球揉捻機→束包機', 0, 339),
(1357, '日光萎凋', 0, 340),
(1358, '室內萎凋及攪拌', 0, 340),
(1359, '炒菁 ', 0, 340),
(1360, '揉捻', 1, 340),
(1361, '促進發酵', 1, 341),
(1362, '停止發酵', 0, 341),
(1363, '保持茶菁原料之完整性 ', 0, 341),
(1364, '增加含水量', 0, 341),
(1365, '炒菁溫度低而時間長', 1, 342),
(1366, '炒菁溫度高而時間長', 0, 342),
(1367, '炒菁溫度 高而時間短', 0, 342),
(1368, '與炒菁溫度及時間無關', 0, 342),
(1369, '可排除多餘的水蒸氣', 0, 343),
(1370, '有助於保持茶葉的翠綠 色', 0, 343),
(1371, '避免產生團塊', 0, 343),
(1372, '產生悶味', 1, 343),
(1373, '攪拌', 0, 344),
(1374, '萎凋', 1, 344),
(1375, '炒菁', 0, 344),
(1376, '重揉捻', 0, 344),
(1377, '文山包種茶', 1, 345),
(1378, ' 凍頂烏龍茶 ', 0, 345),
(1379, '東方美人茶 ', 0, 345),
(1380, '高山茶', 0, 345),
(1381, '文山包種茶', 0, 346),
(1382, '凍頂烏龍茶', 0, 346),
(1383, '東方美人茶', 1, 346),
(1384, '高山茶', 0, 346),
(1385, '文山包種茶', 0, 347),
(1386, '凍頂烏龍茶', 1, 347),
(1387, '東方美人茶', 0, 347),
(1388, '高山茶', 0, 347),
(1389, '莖部', 0, 348),
(1390, '中肋', 0, 348),
(1391, '葉中間部位', 0, 348),
(1392, '葉緣', 1, 348),
(1393, '葉中肋→莖部→葉支脈', 0, 349),
(1394, '葉支脈→莖部→葉中肋 ', 0, 349),
(1395, '莖部→葉支脈→葉中肋', 0, 349),
(1396, '莖部→葉中肋→葉支脈', 1, 349),
(1397, '宜輕', 1, 350),
(1398, '宜重', 0, 350),
(1399, '輕重不拘', 0, 350),
(1400, '先重後輕', 0, 350),
(1401, '有利於揉捻成形', 0, 351),
(1402, '不利於揉捻成形', 1, 351),
(1403, '無關茶葉成形', 0, 351),
(1404, '有利於揉 捻勻稱', 0, 351),
(1405, '文山包種茶', 0, 352),
(1406, '碧螺春', 0, 352),
(1407, '凍頂烏龍茶', 1, 352),
(1408, '日月潭紅茶', 0, 352),
(1409, '不宜重揉，且揉捻時間宜短', 1, 353),
(1410, '不宜重揉，且揉捻時間宜長', 0, 353),
(1411, '宜重揉， 且揉捻時間宜短', 0, 353),
(1412, '宜重揉，且揉捻時間宜長', 0, 353),
(1413, '靜置萎凋', 0, 354),
(1414, '解塊', 1, 354),
(1415, '靜置回潤', 0, 354),
(1416, '攪拌發酵', 0, 354),
(1417, '看到鍋內水蒸 氣大量生成', 0, 355),
(1418, '聞到焦味形成', 0, 355),
(1419, '看到茶菁黃化', 0, 355),
(1420, '觸摸茶菁轉柔軟', 1, 355),
(1421, '與日光萎凋時間有關', 0, 356),
(1422, '與炒菁溫度有關', 1, 356),
(1423, '與揉捻時間有關', 0, 356),
(1424, '與團揉次數有關', 0, 356),
(1425, '使產生熟果味，提高品質', 0, 357),
(1426, '補足發酵，提高品質', 0, 357),
(1427, '提 高葉溫以利整形', 1, 357),
(1428, '停止發酵', 0, 357),
(1429, '室溫貯藏', 0, 358),
(1430, '冷凍貯藏', 1, 358),
(1431, '充氮貯藏', 0, 358),
(1432, '加壓貯藏', 0, 358),
(1433, '輕萎凋重發酵', 0, 359),
(1434, '重萎凋輕發酵', 0, 359),
(1435, '重萎凋重發酵', 1, 359),
(1436, '輕萎凋輕發酵', 0, 359),
(1437, '間較短、程度較重', 0, 360),
(1438, '時間較長、程度較重', 1, 360),
(1439, '時間較長、程度較 輕', 0, 360),
(1440, '時間較短、程度較輕', 0, 360),
(1441, '高', 0, 361),
(1442, '低', 1, 361),
(1443, '一樣', 0, 361),
(1444, '高低', 0, 361),
(1445, '先高溫後低溫', 1, 362),
(1446, '先低溫後高溫 ', 0, 362),
(1447, '全程高溫 ', 0, 362),
(1448, '全程低溫', 0, 362),
(1449, '宜重', 0, 363),
(1450, '先重後輕', 0, 363),
(1451, '宜輕', 1, 363),
(1452, '無關輕重', 0, 363),
(1453, '茶梗', 0, 364),
(1454, '含水量', 0, 364),
(1455, '菁味', 0, 364),
(1456, '碎末茶', 1, 364),
(1457, '較短時間、炒菁筒轉速宜調快  ', 0, 365),
(1458, '較短時間、炒菁筒轉速宜調慢', 1, 365),
(1459, '較長時間、炒菁筒轉速宜調快', 0, 365),
(1460, '較長時間、炒菁筒轉速宜調慢', 0, 365),
(1461, '較短時間、炒菁筒轉速宜調快', 0, 366),
(1462, '較短 時間、炒菁筒轉速宜調慢', 0, 366),
(1463, '較長時間、炒菁筒轉速宜調快', 1, 366),
(1464, '較長時間、炒菁筒轉速宜調慢', 0, 366),
(1465, '溫度、濕度、時間', 0, 367),
(1466, '溫度、壓力、時間', 0, 367),
(1467, '溫度、轉速、時間', 1, 367),
(1468, '溫度、濕度、轉速', 0, 367),
(1469, '深綠', 0, 368),
(1470, '黃綠        ', 1, 368),
(1471, '鮮綠     ', 0, 368),
(1472, '   墨綠', 0, 368),
(1473, '酵素        ', 0, 369),
(1474, '微生物       ', 0, 369),
(1475, '熱        ', 1, 369),
(1476, '氧氣', 0, 369),
(1477, '調慢', 0, 370),
(1478, '調快', 1, 370),
(1479, '快慢不拘', 0, 370),
(1480, '先調慢後調快', 0, 370),
(1481, '溫度', 0, 371),
(1482, '輸送帶轉速', 0, 371),
(1483, '送風量        ', 0, 371),
(1484, '壓力', 1, 371),
(1485, '翠綠 ', 0, 372),
(1486, '墨綠 ', 0, 372),
(1487, '鮮綠', 0, 372),
(1488, '褐綠', 1, 372),
(1489, '悶黃', 1, 373),
(1490, '悶紅', 0, 373),
(1491, '翠綠', 0, 373),
(1492, '鮮綠', 0, 373),
(1493, '苦味', 0, 374),
(1494, '澀味', 0, 374),
(1495, '淡菁味 ', 1, 374),
(1496, '甘味', 0, 374),
(1497, '菁苦澀味', 1, 375),
(1498, '清香', 0, 375),
(1499, '淡薄', 0, 375),
(1500, '甘味', 0, 375),
(1501, '清香', 0, 376),
(1502, '苦澀味', 1, 376),
(1503, '淡菁味', 0, 376),
(1504, '甘醇', 0, 376),
(1505, '清香', 0, 377),
(1506, '苦澀味', 0, 377),
(1507, '甘醇', 0, 377),
(1508, '菁味', 1, 377),
(1509, '炒菁', 1, 378),
(1510, '包布團揉', 0, 378),
(1511, '烘焙', 0, 378),
(1512, '覆炒團揉', 0, 378),
(1513, '高', 1, 379),
(1514, '低', 0, 379),
(1515, '一樣', 0, 379),
(1516, '無關', 0, 379),
(1517, '淡綠', 0, 380),
(1518, '黃綠', 0, 380),
(1519, '暗綠', 1, 380),
(1520, '褐綠', 0, 380),
(1521, ' 粗老	', 1, 381),
(1522, '幼嫩', 0, 381),
(1523, '老嫩無拘', 0, 381),
(1524, '太短', 0, 381),
(1525, '粗老', 0, 382),
(1526, '太長', 0, 382),
(1527, '老嫩無拘', 0, 382),
(1528, '幼嫩', 1, 382),
(1529, '淺綠', 0, 383),
(1530, '黃綠', 0, 383),
(1531, '紅綠', 0, 383),
(1532, '暗綠', 1, 383),
(1533, '清香', 0, 384),
(1534, '不揚', 1, 384),
(1535, '濃厚', 0, 384),
(1536, '花香', 0, 384),
(1537, '自動氧化作用', 0, 385),
(1538, '後氧化作用', 0, 385),
(1539, '非酵素性氧化', 0, 385),
(1540, '酵素性氧化', 1, 385),
(1541, '凍頂烏龍茶', 0, 386),
(1542, '文山包種茶', 1, 386),
(1543, '東方美 人茶', 0, 386),
(1544, '鐵觀音茶', 0, 386),
(1545, '頂烏龍茶', 0, 387),
(1546, '文山包種茶', 0, 387),
(1547, '東方 美人茶', 1, 387),
(1548, '鐵觀音茶', 0, 387),
(1549, '文山包種茶', 1, 388),
(1550, '凍頂烏龍茶', 0, 388),
(1551, '東方 美人茶', 0, 388),
(1552, '鐵觀音茶', 0, 388),
(1553, '文山包種茶 ', 0, 389),
(1554, '凍頂烏龍茶 ', 0, 389),
(1555, '東方美人茶 ', 1, 389),
(1556, '高山茶', 0, 389),
(1557, '凍頂烏龍茶', 0, 390),
(1558, '高山茶', 0, 390),
(1559, '東方美人茶', 1, 390),
(1560, '鐵觀音', 0, 390),
(1561, '凍頂烏龍茶', 1, 391),
(1562, '文山包種茶', 0, 391),
(1563, '膨（椪）風茶', 0, 391),
(1564, '白茶', 0, 391),
(1565, '日月潭紅茶', 0, 392),
(1566, '文山包種茶', 0, 392),
(1567, '東方美人茶', 0, 392),
(1568, '木柵鐵觀音茶', 1, 392),
(1569, '鐵觀音茶', 0, 393),
(1570, '文山包種茶', 0, 393),
(1571, '東方美人茶', 1, 393),
(1572, '紅茶', 0, 393),
(1573, '鐵觀音茶      ', 0, 394),
(1574, '  文山包種茶     ', 1, 394),
(1575, '  東方美人茶  ', 0, 394),
(1576, '  紅茶', 0, 394),
(1577, '5～10％', 0, 395),
(1578, '10～15％', 0, 395),
(1579, '25～35％', 1, 395),
(1580, '50％以上', 0, 395),
(1581, '繼續讓它發酵，提升成茶之熟果香氣 ', 0, 396),
(1582, '減少葉脈硬度，增強葉片韌性，以利揉捻 ', 0, 396),
(1583, '避免揉捻時茶葉破碎，減少成茶粉末 ', 0, 396),
(1584, '增加含水量，以利清 香之表現', 1, 396),
(1585, '輕發酵輕烘焙', 1, 397),
(1586, '輕發酵重烘焙', 0, 397),
(1587, '重發酵輕烘焙', 0, 397),
(1588, '重發酵重烘焙', 0, 397),
(1589, '凍頂烏龍茶', 0, 398),
(1590, '鐵觀音茶', 1, 398),
(1591, '高山茶', 0, 398),
(1592, '松柏長青茶', 0, 398),
(1593, '不萎凋不攪拌', 0, 399),
(1594, '不萎凋有攪拌', 0, 399),
(1595, '有萎凋不攪 拌', 0, 399),
(1596, '有萎凋及攪拌', 1, 399),
(1597, '葉片軟化  ', 0, 400),
(1598, '失去光澤       ', 0, 400),
(1599, '重量增加   ', 1, 400),
(1600, '體積減少', 0, 400),
(1601, '日光萎凋', 0, 401),
(1602, '室內萎凋', 1, 401),
(1603, '攪拌', 0, 401),
(1604, '炒菁', 0, 401),
(1605, '萎凋及攪拌', 1, 402),
(1606, '炒菁', 0, 402),
(1607, '揉捻', 0, 402),
(1608, '乾燥', 0, 402),
(1609, '濕熱作用', 0, 403),
(1610, '微生物作用', 0, 403),
(1611, '酵素及攪拌作用', 1, 403),
(1612, '酵素及濕熱作用', 0, 403),
(1613, '黃茶類', 0, 404),
(1614, '綠茶類', 0, 404),
(1615, '青茶類', 1, 404),
(1616, '黑茶類', 0, 404),
(1617, '增加胞膜滲透性', 0, 405),
(1618, '促進發酵', 0, 405),
(1619, '力求形狀緊結', 1, 405),
(1620, '水份 再分佈', 0, 405),
(1621, '力', 0, 406),
(1622, '機械', 0, 406),
(1623, '光 ', 0, 406),
(1624, '熱', 1, 406),
(1625, '溫度', 0, 407),
(1626, '微生物', 1, 407),
(1627, '攪拌', 0, 407),
(1628, '水分散失        ', 0, 407),
(1629, '東方美人茶 ', 0, 408),
(1630, '文山包種茶 ', 1, 408),
(1631, '凍頂烏龍茶 ', 0, 408),
(1632, '鐵觀音', 0, 408),
(1633, '東方美人茶', 1, 409),
(1634, '文山包種茶', 0, 409),
(1635, '凍頂烏龍茶', 0, 409),
(1636, '阿里山高 山茶', 0, 409),
(1637, '溫度、濕度', 0, 410),
(1638, '凍頂烏龍茶＞文山包種茶＞高山茶', 0, 410),
(1639, '東方美人茶＞凍頂烏龍茶＞文山包', 1, 410),
(1640, '高山茶＞凍頂烏龍茶＞文山包種茶', 0, 410),
(1641, '壓力、溫度', 0, 411),
(1642, '濕度、壓力', 0, 411),
(1643, '溫度、光度', 0, 411),
(1644, '溫度、濕度', 1, 411),
(1645, '微生物危害', 0, 412),
(1646, '氧氣不足', 0, 412),
(1647, '大氣壓力劇變', 0, 412),
(1648, '水分散 失', 1, 412),
(1649, '機械傷害', 1, 413),
(1650, '大氣壓力劇變', 0, 413),
(1651, '氧氣不足', 0, 413),
(1652, '微生物危害', 0, 413),
(1653, '揉捻不足 ', 0, 414),
(1654, '攪拌過度 ', 1, 414),
(1655, '萎凋過度 ', 0, 414),
(1656, '茶菁原料粗老', 0, 414),
(1657, '發酵不當 ', 0, 415),
(1658, '攪拌不當 ', 0, 415),
(1659, '茶菁原料太嫩 ', 0, 415),
(1660, '萎凋過度', 1, 415),
(1661, '高山茶及文山包種茶', 0, 416),
(1662, '凍頂烏龍茶及東方美人茶       ', 1, 416),
(1663, ' 凍頂烏龍 茶及高山茶        ', 0, 416),
(1664, '東方美人茶及紅茶', 0, 416),
(1665, '鐵觀音茶', 0, 417),
(1666, '文山包種茶', 1, 417),
(1667, '東方美人茶        ', 0, 417),
(1668, '凍頂烏龍茶', 0, 417),
(1669, '高山茶', 0, 418),
(1670, '凍頂烏龍茶', 0, 418),
(1671, '東方美人茶', 1, 418),
(1672, '白茶', 0, 418),
(1673, '應延長室內萎凋', 0, 419),
(1674, '不影響後續萎凋作業', 0, 419),
(1675, '較不易製作香味品質之成茶    ', 1, 419),
(1676, '成茶香味品質佳', 0, 419),
(1677, '紅外線萎凋機', 0, 420),
(1678, '圓筒炒菁機', 1, 420),
(1679, '攪拌機', 0, 420),
(1680, '解塊機', 0, 420),
(1681, '解開茶葉團塊', 0, 421),
(1682, '散發積熱 ', 0, 421),
(1683, '降低葉溫 ', 0, 421),
(1684, '促進發 酵', 1, 421),
(1685, '溫度', 0, 422),
(1686, '濕度', 0, 422),
(1687, '通風', 0, 422),
(1688, '大氣壓力', 1, 422),
(1689, '炭焙籠', 0, 423),
(1690, '電熱式焙籠', 0, 423),
(1691, '箱型焙茶機', 1, 423),
(1692, '紅外線焙籠', 0, 423),
(1693, '輕、輕', 0, 424),
(1694, '重、輕', 0, 424),
(1695, '輕、重', 0, 424),
(1696, '重、重', 1, 424),
(1697, '瓦斯供應系統', 0, 425),
(1698, '時間控制錶', 0, 425),
(1699, '溫度控制錶 ', 0, 425),
(1700, '馬達', 1, 425),
(1701, '慢慢加壓並防止布球掉出', 0, 426),
(1702, '揉捻完成後鬆壓再取 出布球', 0, 426),
(1703, '使用中可用手伸入揉盤內或周圍調整布球', 1, 426),
(1704, '揉盤內各布球相碰時應停止運轉再鬆壓', 0, 426),
(1705, '正茶 ', 0, 427),
(1706, '副茶 ', 1, 427),
(1707, '精製茶 ', 0, 427),
(1708, '慢慢加壓並防止布球掉出        ', 0, 427),
(1709, '茶末', 0, 428),
(1710, '茶角', 0, 428),
(1711, '精茶', 0, 428),
(1712, '毛茶', 1, 428),
(1713, '火香', 1, 429),
(1714, '焦香', 0, 429),
(1715, '清香', 0, 429),
(1716, '花香', 0, 429),
(1717, '溫度及壓力', 0, 430),
(1718, '壓力及風速', 0, 430),
(1719, '溫度及時間', 1, 430),
(1720, '時間及壓力', 0, 430),
(1721, '高山茶', 0, 431),
(1722, '鐵觀音茶', 1, 431),
(1723, '東方美人茶', 0, 431),
(1724, '紅茶', 0, 431),
(1725, '文山包種茶', 0, 432),
(1726, '凍頂烏龍茶 ', 1, 432),
(1727, '東方美人茶 ', 0, 432),
(1728, '紅茶', 0, 432),
(1729, '機體之長度 ', 0, 433),
(1730, '機體之寬度 ', 0, 433),
(1731, '炒菁容量 ', 1, 433),
(1732, '轉速 多寡', 0, 433),
(1733, '不暢', 0, 434),
(1734, '順暢', 1, 434),
(1735, '太快', 0, 434),
(1736, '無關', 0, 434),
(1737, '清香 ', 0, 435),
(1738, '不揚 ', 1, 435),
(1739, '花香', 0, 435),
(1740, ' 濃郁', 0, 435),
(1741, '不發酵茶 ', 1, 436),
(1742, '部分發酵茶 ', 0, 436),
(1743, '全發酵茶 ', 0, 436),
(1744, '後發酵茶', 0, 436),
(1745, '炒菁', 0, 437),
(1746, '        揉捻  ', 0, 437),
(1747, '      發酵       ', 1, 437),
(1748, ' 乾燥', 0, 437),
(1749, '不發酵茶', 1, 438),
(1750, '部分發酵茶', 0, 438),
(1751, '全發酵茶', 0, 438),
(1752, '後發酵茶', 0, 438),
(1753, '增加香氣', 0, 439),
(1754, '抑制酵素活性   ', 1, 439),
(1755, '     除去異味    ', 0, 439),
(1756, '    增加美觀', 0, 439),
(1757, '50~100 ', 0, 440),
(1758, '120~150 ', 0, 440),
(1759, '170~200 ', 0, 440),
(1760, '250~300', 1, 440),
(1761, '炒菁', 0, 441),
(1762, '蒸菁 ', 1, 441),
(1763, '曬菁 ', 0, 441),
(1764, '烘菁', 0, 441),
(1765, '不發酵茶 ', 1, 442),
(1766, '部分發酵茶 ', 0, 442),
(1767, '全發酵茶 ', 0, 442),
(1768, '後發酵茶', 0, 442),
(1769, '茶湯滋味較淡薄', 0, 443),
(1770, '成茶易碎裂 ', 0, 443),
(1771, '加重茶湯之苦澀滋味 ', 1, 443),
(1772, '有 焦味', 0, 443),
(1773, '兒茶素類', 0, 444),
(1774, '游離胺基酸 ', 0, 444),
(1775, '咖啡因', 0, 444),
(1776, '茶黃質', 1, 444),
(1777, ' 高溫短時間', 1, 445),
(1778, '高溫長時間', 0, 445),
(1779, '低溫短時間 ', 0, 445),
(1780, '低溫長時間', 0, 445),
(1781, '總氮', 1, 446),
(1782, '礦物質', 0, 446),
(1783, '維生素', 0, 446),
(1784, '脂質', 0, 446),
(1785, '纖維素 ', 1, 447),
(1786, '蛋白質', 0, 447),
(1787, '色素 ', 0, 447),
(1788, '維生素', 0, 447),
(1789, '兒茶素', 0, 448),
(1790, '胺基酸', 0, 448),
(1791, '胺基酸', 1, 448),
(1792, '礦物質', 0, 448),
(1793, '兒茶素', 0, 449),
(1794, '胺基酸', 1, 449),
(1795, '胺基酸', 0, 449),
(1796, '礦物質', 0, 449),
(1797, '時間長壓力輕', 0, 450),
(1798, '時間短壓力輕', 1, 450),
(1799, '時間長壓力重', 0, 450),
(1800, '時間短壓力重', 0, 450),
(1801, '0～1％', 0, 451),
(1802, '2～4％', 1, 451),
(1803, '6～8％', 0, 451),
(1804, '9％以上', 0, 451),
(1805, '發酵', 0, 452),
(1806, '揉捻', 0, 452),
(1807, '殺菁', 1, 452),
(1808, '乾燥', 0, 452),
(1809, '綠茶', 1, 453),
(1810, '包種茶', 0, 453),
(1811, '紅茶', 0, 453),
(1812, '白毫烏龍茶', 0, 453),
(1813, '日本', 0, 454),
(1814, '中國', 1, 454),
(1815, '印度', 0, 454),
(1816, '錫蘭', 0, 454),
(1817, '短', 1, 455),
(1818, '一樣長', 0, 455),
(1819, '長', 0, 455),
(1820, '長很多', 0, 455),
(1821, '翠綠色', 1, 456),
(1822, '褐綠色', 0, 456),
(1823, '黃綠色', 0, 456),
(1824, '紅綠色', 0, 456),
(1825, '60~70℃', 0, 457),
(1826, '80~90℃', 1, 457),
(1827, '100~110℃', 0, 457),
(1828, '120℃以上', 0, 457),
(1829, '色澤黃化', 1, 458),
(1830, '香氣清揚', 0, 458),
(1831, '滋味甘醇', 0, 458),
(1832, '水色明亮', 0, 458),
(1833, '10～15％', 0, 459),
(1834, '20～25％', 1, 459),
(1835, '40~45％', 0, 459),
(1836, '50～60％', 0, 459),
(1837, '減少芽葉含水量，以利揉捻', 0, 460),
(1838, '扮演攪拌作用，促使發酵', 1, 460),
(1839, '去除菁味，提 高品質', 0, 460),
(1840, '停止茶葉發酵作用', 0, 460),
(1841, '萎凋→揉捻→發酵→殺菁→乾燥', 0, 461),
(1842, '殺菁→揉捻→乾燥', 1, 461),
(1843, '萎凋→攪拌→殺菁→ 揉捻→乾燥', 0, 461),
(1844, '萎凋→殺菁→發酵→乾燥', 0, 461),
(1845, '發酵', 0, 462),
(1846, '揉捻', 0, 462),
(1847, '萎凋', 1, 462),
(1848, '炒菁', 0, 462),
(1849, '揉捻', 0, 463),
(1850, '萎凋', 0, 463),
(1851, '炒菁', 1, 463),
(1852, '乾燥', 0, 463),
(1853, '綠茶', 0, 464),
(1854, '包種茶', 0, 464),
(1855, '白毫烏龍茶', 0, 464),
(1856, '紅茶', 1, 464),
(1857, '漸少', 1, 465),
(1858, '漸多', 0, 465),
(1859, '先增後減', 0, 465),
(1860, '先減後增', 0, 465),
(1861, '礦物質', 0, 466),
(1862, '水分', 1, 466),
(1863, '維生素', 0, 466),
(1864, '花青素', 0, 466),
(1865, '萎凋→殺菁→揉捻→發酵→乾燥', 0, 467),
(1866, '萎凋→揉捻→發酵→乾燥', 1, 467),
(1867, '揉捻→發酵→乾燥', 0, 467),
(1868, '萎凋→殺菁→揉捻→發酵', 0, 467),
(1869, '紅茶', 1, 468),
(1870, '青茶', 0, 468),
(1871, '綠茶', 0, 468),
(1872, '白茶', 0, 468),
(1873, '10～20％', 0, 469),
(1874, '25～30％', 0, 469),
(1875, '40～55％', 1, 469),
(1876, '70％以上', 0, 469),
(1877, '萎凋後再揉捻', 0, 470),
(1878, '補足發酵後再揉捻', 1, 470),
(1879, '補足發酵後再乾燥', 0, 470),
(1880, '揉捻後再補足發酵', 0, 470),
(1881, '10～15℃', 0, 471),
(1882, '22～27℃', 1, 471),
(1883, '32～37℃', 0, 471),
(1884, '40℃以上', 0, 471),
(1885, '先輕後重', 1, 472),
(1886, '輕重不拘', 0, 472),
(1887, '先重後輕', 0, 472),
(1888, '前後一致', 0, 472),
(1889, '60～70℃', 0, 473),
(1890, '90~100℃', 1, 473),
(1891, '110～120℃', 0, 473),
(1892, '130℃以上', 0, 473),
(1893, '乾燥機', 0, 474),
(1894, '炒菁機', 1, 474),
(1895, '萎凋槽', 0, 474),
(1896, '解塊機', 0, 474),
(1897, '萎凋', 1, 475),
(1898, '揉捻', 0, 475),
(1899, '補足發酵', 0, 475),
(1900, '乾燥', 0, 475),
(1901, '低→高→低', 1, 476),
(1902, '高→低→高', 0, 476),
(1903, '持續上升', 0, 476),
(1904, '不變', 0, 476),
(1905, '溫度愈高，發酵愈慢', 0, 477),
(1906, '大葉種較小葉種慢', 0, 477),
(1907, '碎形茶較條形茶快', 1, 477),
(1908, '相對濕度愈高，發酵愈慢', 0, 477),
(1909, '春茶揉捻時間較夏茶短', 0, 478),
(1910, '嫩葉揉捻時間比老葉短', 1, 478),
(1911, '氣溫高時揉捻時間應加長', 0, 478),
(1912, '萎凋不足之茶菁其揉捻時間應縮短', 0, 478),
(1913, '無影響', 0, 479),
(1914, '先慢後快', 0, 479),
(1915, '愈快', 0, 479),
(1916, '愈慢', 1, 479),
(1917, '攤厚', 0, 480),
(1918, '攤薄', 1, 480),
(1919, '隨意攤放', 0, 480),
(1920, '定量不變', 0, 480),
(1921, '嫩葉宜攤薄', 0, 481),
(1922, '老葉宜宜攤厚', 0, 481),
(1923, '攤葉量不受茶菁老嫩影響', 1, 481),
(1924, '大葉種宜較小葉種攤薄', 0, 481),
(1925, '宜先輕而後重', 1, 482),
(1926, '宜先重而後輕', 0, 482),
(1927, '前後一致', 0, 482),
(1928, '與輕重無關', 0, 482),
(1929, '30', 0, 483),
(1930, '50', 0, 483),
(1931, '70', 1, 483),
(1932, '90', 0, 483),
(1933, '室內溫度', 0, 484),
(1934, '室內相對濕度', 0, 484),
(1935, '氧化酵素', 0, 484),
(1936, '微生物', 1, 484),
(1937, '保持室溫 25℃左右', 0, 485),
(1938, '發酵盤宜採不易生鏽之器具', 0, 485),
(1939, '空氣流通', 0, 485),
(1940, '充足光照', 1, 485),
(1941, '兒茶素 ', 0, 486),
(1942, '咖啡因', 0, 486),
(1943, '葉綠素', 0, 486),
(1944, '茶紅質', 1, 486),
(1945, '老葉較嫩葉失水慢', 0, 487),
(1946, '會繼續進行呼吸作用', 0, 487),
(1947, '萎凋速率與空氣流速成正相關', 0, 487),
(1948, '萎凋速率與相對濕度成正相關', 1, 487),
(1949, '胺基酸', 0, 488),
(1950, '咖啡因', 0, 488),
(1951, '兒茶素', 1, 488),
(1952, '葉綠素', 0, 488),
(1953, '茶黃質', 0, 489),
(1954, '茶紅質', 0, 489),
(1955, '胺基酸', 0, 489),
(1956, '維生素', 1, 489),
(1957, '兒茶素', 0, 490),
(1958, '胺基酸', 0, 490),
(1959, '咖啡因', 1, 490),
(1960, '葉綠素', 0, 490),
(1961, '條索粗鬆呈鮮紅色', 0, 491),
(1962, '條索緊結呈黑褐色', 1, 491),
(1963, '條索粗鬆呈暗紅色', 0, 491),
(1964, '條索緊結呈鮮紅色', 0, 491),
(1965, '蛋白質與胺基酸', 0, 492),
(1966, '茶黃質與茶紅質', 1, 492),
(1967, '葉綠素與葉紅素', 0, 492),
(1968, '咖啡因與醣類', 0, 492),
(1969, '是經由酵素反應而完成', 0, 493),
(1970, '是一種兒茶素的氧化作用', 0, 493),
(1971, '茶褐質為一種正常發酵產物', 1, 493),
(1972, '是一種需氧的發酵過程', 0, 493),
(1973, '葉綠素', 0, 494),
(1974, '茶黃質', 1, 494),
(1975, '咖啡因', 0, 494),
(1976, '兒茶素', 0, 494),
(1977, '揉捻過程中有解塊的動作', 0, 495),
(1978, '揉捻前應進行殺菁', 1, 495),
(1979, '應於室內萎凋後進行揉捻', 0, 495),
(1980, '茶菁在揉捻時同時會有發酵作用', 0, 495),
(1981, '整形', 0, 496),
(1982, '使汁液黏附在芽葉表面', 0, 496),
(1983, '促進發酵', 1, 496),
(1984, '利於包裝', 0, 496),
(1985, '室內靜置', 0, 497),
(1986, '熱風', 0, 497),
(1987, '萎凋槽', 0, 497),
(1988, '日光', 1, 497),
(1989, '萎凋', 0, 498),
(1990, '揉捻', 1, 498),
(1991, '炒菁', 0, 498),
(1992, '乾燥', 0, 498),
(1993, '一般以嫩採茶菁所製之品質為佳', 0, 499),
(1994, '可用高溫烘焙提高品質', 1, 499),
(1995, '茶中胺基酸含量越高品質越佳', 0, 499),
(1996, '維生素 C 含量較其他茶類高', 0, 499),
(1997, '望月式揉捻機', 1, 500),
(1998, '桶球機', 0, 500),
(1999, '浪菁機', 0, 500),
(2000, '布球揉捻機', 0, 500),
(2001, '篩分', 0, 501),
(2002, '乾燥', 0, 501),
(2003, '攪拌', 1, 501),
(2004, '揉捻', 0, 501),
(2005, '揉捻', 0, 502),
(2006, '炒菁', 1, 502),
(2007, '萎凋', 0, 502),
(2008, '挑梗', 0, 502),
(2009, '萎凋', 1, 503),
(2010, '攪拌', 0, 503),
(2011, '解塊', 0, 503),
(2012, '熱風乾燥', 0, 503),
(2013, '萎凋', 0, 504),
(2014, '攪拌', 1, 504),
(2015, '揉捻', 0, 504),
(2016, '篩分', 0, 504),
(2017, '傑克生揉捻機', 0, 505),
(2018, '團揉機', 0, 505),
(2019, '望月式揉捻機', 1, 505),
(2020, '束包機', 0, 505),
(2021, '解塊機', 0, 506),
(2022, '平盤團揉機', 0, 506),
(2023, '望月式揉捻機', 0, 506),
(2024, '束包機', 1, 506),
(2025, '解塊機', 0, 507),
(2026, '團揉機', 1, 507),
(2027, '篩分機', 0, 507),
(2028, '束包機', 0, 507),
(2029, '乾燥', 1, 508),
(2030, '萎凋', 0, 508),
(2031, '炒菁', 0, 508),
(2032, '攪拌', 0, 508),
(2033, '萎凋', 0, 509),
(2034, '烘焙', 1, 509),
(2035, '炒菁', 0, 509),
(2036, '揉捻', 0, 509),
(2037, '綠茶', 0, 510),
(2038, '包種茶', 0, 510),
(2039, '烏龍茶', 0, 510),
(2040, '紅茶', 1, 510),
(2041, '10～20％', 0, 511),
(2042, '30～40％', 0, 511),
(2043, '50～60％', 0, 511),
(2044, '80％以上', 1, 511),
(2045, '20～30分鐘為宜', 0, 512),
(2046, '40～80分鐘為宜', 0, 512),
(2047, '90～150分鐘為宜', 1, 512),
(2048, '200～250分鐘為宜', 0, 512),
(2049, '30～50分鐘為宜', 0, 513),
(2050, '60～80分鐘為宜', 0, 513),
(2051, '90～150分鐘為宜', 1, 513),
(2052, '200～250分鐘為宜', 0, 513),
(2053, '萎凋', 0, 514),
(2054, '攪拌', 1, 514),
(2055, '揉捻', 0, 514),
(2056, '解塊', 0, 514),
(2057, '室內萎凋', 1, 515),
(2058, '日光萎凋', 0, 515),
(2059, '炒菁', 0, 515),
(2060, '攪拌', 0, 515),
(2061, '綠茶', 1, 516),
(2062, '烏龍茶', 0, 516),
(2063, '包種茶', 0, 516),
(2064, '紅茶', 0, 516),
(2065, '花香', 1, 517),
(2066, '熟果香', 0, 517),
(2067, '焙火香', 0, 517),
(2068, '蜜香', 0, 517),
(2069, '花香', 0, 518),
(2070, '蜜香', 1, 518),
(2071, '焙火香', 0, 518),
(2072, '肉桂香', 0, 518),
(2073, '球形', 0, 519),
(2074, '半球形', 0, 519),
(2075, '條形', 1, 519),
(2076, '碎形', 0, 519),
(2077, '條形', 0, 520),
(2078, '碎形', 0, 520),
(2079, '球形', 0, 520),
(2080, '扁平形', 1, 520),
(2081, '部分發酵茶', 1, 521),
(2082, '全發酵茶', 0, 521),
(2083, '不發酵茶', 0, 521),
(2084, '後發酵茶', 0, 521),
(2085, '碧螺春', 0, 522),
(2086, '龍井', 0, 522),
(2087, '煎茶', 0, 522),
(2088, '烏龍茶', 1, 522),
(2089, '綠茶', 1, 523),
(2090, '包種茶', 0, 523),
(2091, '烏龍茶', 0, 523),
(2092, '紅茶', 0, 523),
(2093, '不發酵茶', 1, 524),
(2094, '部分發酵茶', 0, 524),
(2095, '半發酵茶', 0, 524),
(2096, '全發酵茶', 0, 524),
(2097, '不發酵茶', 1, 525),
(2098, '部分發酵茶', 0, 525),
(2099, '後發酵茶', 0, 525),
(2100, '全發酵茶', 0, 525),
(2101, '紅茶', 1, 526),
(2102, '烏龍茶', 0, 526),
(2103, '綠茶', 0, 526),
(2104, '包種茶', 0, 526),
(2105, '紅茶', 0, 527),
(2106, '煎茶', 0, 527),
(2107, '包種茶', 1, 527),
(2108, '龍井茶', 0, 527),
(2109, '碎形', 0, 528),
(2110, '條形', 1, 528),
(2111, '半球形', 0, 528),
(2112, '球形', 0, 528),
(2113, '綠色', 1, 529),
(2114, '黃綠色', 0, 529),
(2115, '褐色', 0, 529),
(2116, '黑色', 0, 529),
(2117, '綠色', 1, 530),
(2118, '黃色', 0, 530),
(2119, '褐色', 0, 530),
(2120, '黑色', 0, 530),
(2121, '蔬果香', 1, 531),
(2122, '花香', 0, 531),
(2123, '熟香', 0, 531),
(2124, '蜜香', 0, 531),
(2125, '碎形', 0, 532),
(2126, '條形', 1, 532),
(2127, '半球形', 0, 532),
(2128, '球形', 0, 532),
(2129, '暗綠', 0, 533),
(2130, '墨綠', 1, 533),
(2131, '淡綠', 0, 533),
(2132, '黃綠', 0, 533),
(2133, '蜜綠色', 1, 534),
(2134, '黃色', 0, 534),
(2135, '褐色', 0, 534),
(2136, '琥珀色', 0, 534),
(2137, '碎形', 0, 535),
(2138, '條形', 0, 535),
(2139, '半球形或球形', 1, 535),
(2140, '方形', 0, 535),
(2141, '綠色', 0, 536),
(2142, '蜜黃色', 1, 536),
(2143, '褐色', 0, 536),
(2144, '琥珀色', 0, 536),
(2145, '碎形', 0, 537),
(2146, '條形', 0, 537),
(2147, '半球形或球形', 1, 537),
(2148, '方形', 0, 537),
(2149, '綠色', 0, 538),
(2150, '金黃色', 1, 538),
(2151, '褐色', 0, 538),
(2152, '琥珀色', 0, 538),
(2153, '青草香', 0, 539),
(2154, '花果香', 0, 539),
(2155, '焙火香', 1, 539),
(2156, '蜜香', 0, 539),
(2157, '碎形', 0, 540),
(2158, '條形', 0, 540),
(2159, '半球形或球形', 1, 540),
(2160, '方形', 0, 540),
(2161, '綠色', 0, 541),
(2162, '金黃色', 0, 541),
(2163, '琥珀色', 1, 541),
(2164, '黑色', 0, 541),
(2165, '青草香', 0, 542),
(2166, '花果香', 0, 542),
(2167, '焙火香', 1, 542),
(2168, '蜜香', 0, 542),
(2169, '綠色', 0, 543),
(2170, '金黃色', 0, 543),
(2171, '橙紅色', 1, 543),
(2172, '黑色', 0, 543),
(2173, '青草香', 0, 544),
(2174, '花香', 0, 544),
(2175, '焙火香', 0, 544),
(2176, '蜜香', 1, 544),
(2177, '不發酵茶', 0, 545),
(2178, '部分發酵茶', 0, 545),
(2179, '半發酵茶', 0, 545),
(2180, '全發酵茶', 1, 545),
(2181, '綠色', 0, 546),
(2182, '黃綠色', 0, 546),
(2183, '褐色', 0, 546),
(2184, '烏黑色', 1, 546),
(2185, '綠色', 0, 547),
(2186, '金黃色', 0, 547),
(2187, '琥珀色', 0, 547),
(2188, '紅色', 1, 547),
(2189, '清香', 1, 548),
(2190, '陳香', 0, 548),
(2191, '火香', 0, 548),
(2192, '熟香', 0, 548),
(2193, '東', 0, 549),
(2194, '西', 0, 549),
(2195, '南', 0, 549),
(2196, '北', 1, 549),
(2197, '黑色', 1, 550),
(2198, '白色', 0, 550);
INSERT INTO `options` (`oid`, `woption`, `answer`, `qid`) VALUES
(2199, '綠色', 0, 550),
(2200, '棕色', 0, 550),
(2201, '藍色', 0, 551),
(2202, '紅色', 0, 551),
(2203, '白色', 1, 551),
(2204, '綠色', 0, 551),
(2205, '陶器', 0, 552),
(2206, '瓷器', 1, 552),
(2207, '玻璃', 0, 552),
(2208, '琺瑯質', 0, 552),
(2209, '藍色', 0, 553),
(2210, '紅色', 0, 553),
(2211, '白色', 1, 553),
(2212, '綠色', 0, 553),
(2213, '1', 0, 554),
(2214, '3', 1, 554),
(2215, '5', 0, 554),
(2216, '8 公克', 0, 554),
(2217, '80', 0, 555),
(2218, '100', 0, 555),
(2219, '150', 1, 555),
(2220, '200 毫升', 0, 555),
(2221, '80℃', 0, 556),
(2222, '60℃', 0, 556),
(2223, '沸水', 1, 556),
(2224, '沸水置冷 5 分鐘', 0, 556),
(2225, '1', 0, 557),
(2226, '3', 0, 557),
(2227, '5', 1, 557),
(2228, '6', 0, 557),
(2229, '1', 0, 558),
(2230, '3', 0, 558),
(2231, '5', 1, 558),
(2232, '6', 0, 558),
(2233, '1', 0, 559),
(2234, '3', 0, 559),
(2235, '5', 0, 559),
(2236, '6', 1, 559),
(2237, '20', 0, 560),
(2238, '40', 1, 560),
(2239, '60', 0, 560),
(2240, '80', 0, 560),
(2241, '1～2', 0, 561),
(2242, '3～5', 1, 561),
(2243, '6～8', 0, 561),
(2244, '10', 0, 561),
(2245, '茶乾', 0, 562),
(2246, '色澤', 0, 562),
(2247, '茶渣', 1, 562),
(2248, '水色', 0, 562),
(2249, '舌尖', 1, 563),
(2250, '舌面', 0, 563),
(2251, '舌中間兩側', 0, 563),
(2252, '喉頭', 0, 563),
(2253, '舌尖', 0, 564),
(2254, '舌面', 0, 564),
(2255, '舌下', 0, 564),
(2256, '舌根', 1, 564),
(2257, '舌尖', 0, 565),
(2258, '舌緣', 1, 565),
(2259, '兩頰內側', 0, 565),
(2260, '舌根', 0, 565),
(2261, '碳、鉀', 0, 566),
(2262, '鈣、鎂', 1, 566),
(2263, '鋁、鐵', 0, 566),
(2264, '氧、氮', 0, 566),
(2265, '生鐵', 0, 567),
(2266, '木', 0, 567),
(2267, '塑膠', 0, 567),
(2268, '不銹鋼', 1, 567),
(2269, '50', 0, 568),
(2270, '30', 1, 568),
(2271, '70', 0, 568),
(2272, '60 個茶樣', 0, 568),
(2273, '2', 1, 569),
(2274, '3', 0, 569),
(2275, '5', 0, 569),
(2276, '6 分鐘', 0, 569),
(2277, '視覺', 0, 570),
(2278, '味覺', 0, 570),
(2279, '嗅覺', 0, 570),
(2280, '聽覺', 1, 570),
(2281, '栽培', 0, 571),
(2282, '製造', 0, 571),
(2283, '烘焙', 0, 571),
(2284, '銷售', 1, 571),
(2285, '乾燥清潔', 0, 572),
(2286, '空氣新鮮', 0, 572),
(2287, '光線充足', 0, 572),
(2288, '音樂與氣氛', 1, 572),
(2289, '審茶盤', 0, 573),
(2290, '審茶杯', 0, 573),
(2291, '審茶碗', 0, 573),
(2292, '濾網', 1, 573),
(2293, '供盛放茶樣', 0, 574),
(2294, '便於取樣沖泡', 0, 574),
(2295, '攤放葉底', 1, 574),
(2296, '審查茶葉外觀', 0, 574),
(2297, '供茶湯之盛放', 0, 575),
(2298, '評審茶湯水色', 0, 575),
(2299, '評審茶湯滋味', 0, 575),
(2300, '審查葉底', 1, 575),
(2301, '不需花費大量資金購置精密儀器', 0, 576),
(2302, '快速評鑑茶葉形、色、香、味的優劣', 0, 576),
(2303, '無法判別茶葉品質異常現象', 1, 576),
(2304, '針對市場需要，訂定不同品評標準', 0, 576),
(2305, '秤取茶量', 1, 577),
(2306, '開湯', 0, 577),
(2307, '聞香氣', 0, 577),
(2308, '觀葉底', 0, 577),
(2309, '觀水色', 0, 578),
(2310, '審外觀', 0, 578),
(2311, '觀葉底', 1, 578),
(2312, '聞香氣', 0, 578),
(2313, '觀水色', 1, 579),
(2314, '觀葉底', 0, 579),
(2315, '評滋味', 0, 579),
(2316, '聞香氣', 0, 579),
(2317, '觀葉底', 0, 580),
(2318, '攪拌茶湯', 0, 580),
(2319, '評滋味', 0, 580),
(2320, '聞香氣', 1, 580),
(2321, '觀葉底', 0, 581),
(2322, '攪拌茶湯', 0, 581),
(2323, '評滋味', 1, 581),
(2324, '觀水色', 0, 581),
(2325, '觀葉底', 1, 582),
(2326, '測量茶湯溫度', 0, 582),
(2327, '聞香氣', 0, 582),
(2328, '觀水色', 0, 582),
(2329, '喝茶', 0, 583),
(2330, '倒茶', 1, 583),
(2331, '泡茶', 0, 583),
(2332, '煮水', 0, 583),
(2333, '看茶葉形狀', 0, 584),
(2334, '看茶湯水色', 1, 584),
(2335, '看茶葉色澤', 0, 584),
(2336, '看茶葉均勻度', 0, 584),
(2337, '0.055555556', 0, 585),
(2338, '0.076388889', 1, 585),
(2339, '0.090277778', 0, 585),
(2340, '0.111111111', 0, 585),
(2341, '減少茶湯苦澀', 0, 586),
(2342, '增加茶湯甘醇度', 0, 586),
(2343, '增加茶湯活性', 0, 586),
(2344, '使碎渣集中', 1, 586),
(2345, '瞭解品種', 0, 587),
(2346, '瞭解茶葉發酵度', 0, 587),
(2347, '瞭解茶菁品質', 0, 587),
(2348, '瞭解茶湯水色', 1, 587),
(2349, '1％以下', 0, 588),
(2350, '6％~8％', 0, 588),
(2351, '3％~5％', 1, 588),
(2352, '9％以上', 0, 588),
(2353, '充分乾燥', 0, 589),
(2354, '利用防濕材料包裝', 0, 589),
(2355, '包裝儘可能在低相對濕度下進行', 0, 589),
(2356, '以不織布材質包裝', 1, 589),
(2357, '兒茶素易氧化', 1, 590),
(2358, '葉綠素不易氧化', 0, 590),
(2359, '不飽和脂肪酸不易氧化', 0, 590),
(2360, '茶葉易保持鮮綠', 0, 590),
(2361, '緩慢劣變', 0, 591),
(2362, '快速劣變', 1, 591),
(2363, '沒有影響', 0, 591),
(2364, '變好', 0, 591),
(2365, '清澈', 0, 592),
(2366, '明亮', 0, 592),
(2367, '黃褐', 1, 592),
(2368, '翠綠', 0, 592),
(2369, '易保存', 0, 593),
(2370, '可增加', 0, 593),
(2371, '不影響', 0, 593),
(2372, '易揮發', 1, 593),
(2373, '60～70％', 1, 594),
(2374, '80～90％', 0, 594),
(2375, '30％以下', 0, 594),
(2376, '95％以上', 0, 594),
(2377, '菁味', 0, 595),
(2378, '熟味', 0, 595),
(2379, '陳茶味', 1, 595),
(2380, '澀味', 0, 595),
(2381, '外觀失去光澤', 0, 596),
(2382, '茶湯水色褐變', 0, 596),
(2383, '失去鮮活性', 0, 596),
(2384, '滋味醇厚', 1, 596),
(2385, '明亮', 0, 597),
(2386, '混濁', 1, 597),
(2387, '清澈', 0, 597),
(2388, '鮮活', 0, 597),
(2389, '高溫貯藏', 0, 598),
(2390, '使用透氣包裝', 0, 598),
(2391, '使用防濕阻光之包裝材質', 1, 598),
(2392, '使用不織布材質包裝', 0, 598),
(2393, '吸味性強', 0, 599),
(2394, '透光性高', 0, 599),
(2395, '耐擠壓性低', 0, 599),
(2396, '透濕與透氣性低', 1, 599),
(2397, '高溫、低濕、明亮', 0, 600),
(2398, '低溫、高濕、陰暗', 0, 600),
(2399, '低溫、低濕、陰暗', 1, 600),
(2400, '高溫、高濕、明亮', 0, 600),
(2401, '茶葉吸濕性強', 0, 601),
(2402, '茶葉含水量過高，不耐 貯藏', 0, 601),
(2403, '茶葉充分乾燥是貯藏重要關鍵', 0, 601),
(2404, '使用塑膠袋可以長期維持香氣品質', 1, 601),
(2405, '高溫有利茶葉品質維持', 0, 602),
(2406, '低溫貯藏有利茶葉色香味品質保存', 1, 602),
(2407, '維持茶葉香氣之貯藏最適宜溫度為 25-30℃', 0, 602),
(2408, '高溫貯藏可降低兒茶素之氧化', 0, 602),
(2409, '茶葉應充分乾燥', 0, 603),
(2410, '利用防濕包裝材料', 0, 603),
(2411, '以真空包 裝並貯藏在相對濕度低的空間', 0, 603),
(2412, '添加脫氧劑', 1, 603),
(2413, '不透光，防濕、阻氧性極佳', 1, 604),
(2414, '價格較 PE 袋便宜', 0, 604),
(2415, '運輸過 程中不會造成茶葉擠壓破損', 0, 604),
(2416, '不能進行真空或脫氧劑處理', 0, 604),
(2417, '綠茶', 0, 605),
(2418, '紅茶', 1, 605),
(2419, '包種茶', 0, 605),
(2420, '烏龍茶 在貯藏期間較不易再氧化', 0, 605),
(2421, '球形茶', 1, 606),
(2422, '片形茶', 0, 606),
(2423, '條形茶', 0, 606),
(2424, '碎形茶 在貯藏期間比較不易品質劣變', 0, 606),
(2425, '鐵觀音', 0, 607),
(2426, '凍頂烏龍茶', 0, 607),
(2427, '高山茶', 0, 607),
(2428, '文山包種茶', 1, 607),
(2429, '凍頂烏龍茶＞鐵觀音＞高山茶', 0, 608),
(2430, '鐵觀音＞文山包種茶＞凍頂烏龍茶', 0, 608),
(2431, '凍頂烏龍茶＞高山茶＞鐵觀音', 0, 608),
(2432, '高山茶＞凍頂烏龍茶＞鐵觀音', 1, 608),
(2433, '條形茶＞球形茶＞碎形茶', 0, 609),
(2434, '球形茶＞碎形茶＞條形茶', 0, 609),
(2435, '碎形茶＞條形茶＞球形茶', 1, 609),
(2436, '碎形茶＞球形茶＞條形茶', 0, 609),
(2437, '紅茶＞烏龍茶＞包種茶', 0, 610),
(2438, '綠茶＞紅茶＞烏龍茶', 0, 610),
(2439, '綠茶＞紅茶＞包種茶', 0, 610),
(2440, '綠茶＞包種茶＞烏龍茶', 1, 610),
(2441, '清香型', 0, 611),
(2442, '焙火香型', 1, 611),
(2443, '蜜香型', 0, 611),
(2444, '果香型 的茶較易維持香氣', 0, 611),
(2445, '低溫', 0, 612),
(2446, '無氧', 0, 612),
(2447, '低濕', 0, 612),
(2448, '透光', 1, 612),
(2449, '兒茶素會繼續氧化', 0, 613),
(2450, '綠茶類成分大部份已氧化，貯藏時期較不易氧化', 1, 613),
(2451, '在茶葉包裝容器內放置脫氧劑，可以防止氧化', 0, 613),
(2452, '紅茶類成分大部份已氧化，貯藏時期較不易氧化', 0, 613),
(2453, '防腐劑', 0, 614),
(2454, '脫氧劑', 1, 614),
(2455, '防蟲劑', 0, 614),
(2456, '防黴劑', 0, 614),
(2457, '防腐劑', 0, 615),
(2458, '抗氧化劑', 0, 615),
(2459, '乾燥劑', 1, 615),
(2460, '脫氧劑', 0, 615),
(2461, '咖啡因', 0, 616),
(2462, '氨基酸', 0, 616),
(2463, '葉綠素', 1, 616),
(2464, '兒茶素', 0, 616),
(2465, '紙袋', 0, 617),
(2466, '不織布袋', 0, 617),
(2467, '鋁箔積層袋', 1, 617),
(2468, '紙罐', 0, 617),
(2469, '鋁箔積層袋', 0, 618),
(2470, '鐵罐', 0, 618),
(2471, '玻璃罐', 0, 618),
(2472, '紙袋', 1, 618),
(2473, '紙袋', 0, 619),
(2474, '陶罐', 0, 619),
(2475, '紙罐', 0, 619),
(2476, '鋁箔積層袋', 1, 619),
(2477, '兒茶素氧化', 0, 620),
(2478, '葉綠素脫鎂變色', 0, 620),
(2479, '咖啡因含量增加', 1, 620),
(2480, '脂質氧化', 0, 620),
(2481, '高溫、高濕、不透光', 0, 621),
(2482, '高溫、高濕、透光', 0, 621),
(2483, '低溫、低濕、不透光', 1, 621),
(2484, '低溫、低濕、透光', 0, 621),
(2485, '低密度聚乙烯袋', 0, 622),
(2486, '紙袋', 0, 622),
(2487, '鋁箔積層袋', 1, 622),
(2488, '不織布', 0, 622),
(2489, '兒茶素氧化', 0, 623),
(2490, '不飽和脂肪酸氧化', 1, 623),
(2491, '葉綠素降解', 0, 623),
(2492, '咖啡因減少', 0, 623),
(2493, '趁熱入庫', 0, 624),
(2494, '稍涼仍有餘溫入庫', 0, 624),
(2495, '冷涼後立即入庫', 1, 624),
(2496, '一週後入庫', 0, 624),
(2497, '美觀大方耐用', 0, 625),
(2498, '經濟便宜方便', 0, 625),
(2499, '防濕阻氣阻光', 1, 625),
(2500, '任何材質均可', 0, 625),
(2501, '茶葉極易吸濕及吸收異味而 變質', 0, 626),
(2502, '氧氣、光照、高溫等因子使茶葉在貯藏期品質發生劣變', 0, 626),
(2503, '貯藏期間會自然揮發或再氧化裂解變質', 0, 626),
(2504, '茶葉為重視香味之嗜好品，其香味成份很安定', 1, 626),
(2505, '全發酵茶＞不發酵茶＞部分發酵茶', 0, 627),
(2506, '不發酵茶＞部分發酵茶＞全發酵茶', 1, 627),
(2507, '部分發酵＞全發酵茶茶＞不發酵茶', 0, 627),
(2508, '全發酵茶＞部分發酵茶＞不發酵', 0, 627),
(2509, '發酵茶類因成分大部分已氧化，故氧氣對發酵茶類貯藏不影響', 1, 628),
(2510, '茶葉保存應避免吸濕外，並應避免高溫和光照', 0, 628),
(2511, '茶葉具有良好的保健功效，但茶葉包裝不可以標示醫療或保健效果', 0, 628),
(2512, '光照會導致茶葉品質急速劣變，即使輕微光照亦然', 0, 628),
(2513, '乾燥劑', 0, 629),
(2514, '脫氧劑', 1, 629),
(2515, '抗氧化劑', 0, 629),
(2516, '防黴劑', 0, 629),
(2517, '防濕性', 0, 630),
(2518, '阻氣性', 0, 630),
(2519, '透光性', 1, 630),
(2520, '防溫性', 0, 630),
(2521, '愈昂貴美觀的包裝材質，和愈多層的包裝對茶葉包裝貯藏愈有利', 0, 631),
(2522, '吸濕的茶樣貯藏時期易生成酸臭味，主要原因為醋酸生成', 0, 631),
(2523, '為防止茶葉貯藏時期因氧化變質可以添加抗氧化劑', 0, 631),
(2524, '鋁箔積層袋防濕性佳且透氣性低，適合單獨做為茶葉包裝材質', 1, 631),
(2525, '氧化', 1, 632),
(2526, '水解', 0, 632),
(2527, '脫水', 0, 632),
(2528, '還原', 0, 632),
(2529, '品名', 0, 633),
(2530, '營養標示', 1, 633),
(2531, '製造者', 0, 633),
(2532, '有效日期', 0, 633),
(2533, '農會法規', 0, 634),
(2534, '農藥管理法規', 0, 634),
(2535, '勞動法規', 0, 634),
(2536, '食品衛生管理法規。', 1, 634),
(2537, '真空封口', 1, 635),
(2538, '袋茶包裝', 0, 635),
(2539, '茶粉風選', 0, 635),
(2540, '茶葉乾燥', 0, 635),
(2541, '應檢查瓦斯是否外洩', 0, 636),
(2542, '應檢查火源是否關閉', 0, 636),
(2543, '測試機具是否可點火', 1, 636),
(2544, '應立即關掉瓦斯供應系統', 0, 636),
(2545, '掌握茶菁萎凋程度', 0, 637),
(2546, '落實茶菁生產與加工記錄', 1, 637),
(2547, '適當攪拌補足發酵', 0, 637),
(2548, '補充加工人員之體力與精力', 0, 637),
(2549, '服務業', 0, 638),
(2550, '食品製造業', 1, 638),
(2551, '文教業', 0, 638),
(2552, '交通業', 0, 638),
(2553, '危害分析重點管制系統(HACCP;Hazard Analysis Critica', 0, 639),
(2554, '茶葉良好農業規範(TGAP;Taiwan Good Agriculture Pr', 0, 639),
(2555, '勞動基準法', 1, 639),
(2556, '台灣食品良好作業規範(GMP;Good Manufacturing Practi', 0, 639),
(2557, '落實茶園生產耕作紀錄', 0, 640),
(2558, '掌握茶菁用藥與採摘時機', 0, 640),
(2559, '聘用製茶人力應注重兩性平衡', 1, 640),
(2560, '落實加工紀錄', 0, 640),
(2561, '應隨時飲用提神飲料保持精神', 0, 641),
(2562, '飲料及香煙可置於製茶機具上隨時取用', 0, 641),
(2563, '製茶過程不應有飲食及抽煙等行為', 1, 641),
(2564, '一邊製茶一邊抽煙才可發揮製茶技術', 0, 641),
(2565, '吸塵器', 0, 642),
(2566, '加濕器', 1, 642),
(2567, '炒菁機上的集塵設備', 0, 642),
(2568, '除塵拖把或抹布', 0, 642),
(2569, '門口養隻機靈的看門狗', 1, 643),
(2570, '定期清潔週遭環境', 0, 643),
(2571, '設置工作衣、鞋更換區', 0, 643),
(2572, '廁所、餐廳與製茶場所有適當區隔', 0, 643),
(2573, '經常檢查線路並更換老舊線路設施', 0, 644),
(2574, '於潮濕地面工作可穿破舊鞋子', 1, 644),
(2575, '機器上裝置漏電斷路器開關', 0, 644),
(2576, '同一插座不宜同時接用多項機具設備', 0, 644),
(2577, '茶葉揉捻機運轉中可以手觸摸來判斷揉捻程度', 1, 645),
(2578, '穿著適當工作服並包紮好', 0, 645),
(2579, '於機器上裝設緊急停止開關', 0, 645),
(2580, '啟動機器時應注意附近工作人員', 0, 645),
(2581, '泡沫滅火器', 1, 646),
(2582, '乾粉滅火器', 0, 646),
(2583, '二氧化碳滅火器', 0, 646),
(2584, '海龍滅火器', 0, 646),
(2585, '下雨天採收茶菁', 0, 647),
(2586, '低溫雨天以熱風萎凋槽進行茶菁萎凋', 0, 647),
(2587, '室外日光萎凋時使用曬菁布隔離地面', 0, 647),
(2588, '嚼食檳榔', 1, 647),
(2589, '茶菁萎凋場', 0, 648),
(2590, '發酵室', 0, 648),
(2591, '茶葉販售門市', 1, 648),
(2592, '炒菁及揉捻室', 0, 648),
(2593, '不透水性', 0, 649),
(2594, '易清洗消毒', 0, 649),
(2595, '易吸收、吸附油水', 1, 649),
(2596, '平坦、不滑、不易藏污納垢', 0, 649),
(2597, '電源插座處應明確標示電壓', 0, 650),
(2598, '應於適當且明顯地點放置消防設備', 0, 650),
(2599, '油料、瓦斯桶放置加工廠室內', 1, 650),
(2600, '應定期檢視油電管路', 0, 650),
(2601, '聯外道路應隨時保持清潔', 0, 651),
(2602, '花草樹木定期修剪', 0, 651),
(2603, '隨時保持排水溝暢通', 0, 651),
(2604, '飼養犬隻，使其隨時巡邏製茶廠內外', 1, 651),
(2605, '校準茶菁磅秤', 1, 652),
(2606, '保持製茶師傅之個人衛生', 0, 652),
(2607, '清潔機具', 0, 652),
(2608, '打掃週遭環境', 0, 652),
(2609, '這是茶園管理必要的病蟲草害防治設備，放置於加工場所中可展現產製合一之產業特性', 0, 653),
(2610, '使用後之噴藥管線應捆收妥善放置於製茶廠內', 0, 653),
(2611, '製茶加工場所不應放置與製茶加工無關之物品', 1, 653),
(2612, '製茶空間應多元使用，可放置農藥及噴藥機具', 0, 653),
(2613, '增強顧客的信心，對產品增加安全性', 0, 654),
(2614, '改善內部營運，增強對外競爭優勢', 0, 654),
(2615, '符合官方及消費者需求', 0, 654),
(2616, '可忽略污染之發生', 1, 654),
(2617, '加工作業前應洗手，隨時保持個人衛生', 0, 655),
(2618, '穿著乾淨整潔之加工專用衣鞋帽', 0, 655),
(2619, '得忽略製茶工廠之衛生安全', 1, 655),
(2620, '工作時不得有吸煙、飲酒、嚼食檳榔及飲食等行為', 0, 655),
(2621, '工作安全', 0, 656),
(2622, '保障消費權益', 1, 656),
(2623, '惜物愛物', 0, 656),
(2624, '工廠整潔', 0, 656),
(2625, '使用底、內面不同色調之曬菁布', 0, 657),
(2626, '曬菁前徹底清潔曬菁場所', 0, 657),
(2627, '使用動力吹風機，吹趕茶菁上的露水', 1, 657),
(2628, '曬菁場所周圍設防塵網', 0, 657),
(2629, '桶裝瓦斯應集中貯放並與加工場所隔離', 0, 658),
(2630, '為了更換方便，瓦斯桶不需固定', 1, 658),
(2631, '使用油料、瓦斯之機具設備附近應放置足夠之滅火器', 0, 658),
(2632, '貯放過多之油料、瓦斯可能會造成公共安全疑慮', 0, 658),
(2633, '澆水滅火', 1, 659),
(2634, '大聲呼救', 0, 659),
(2635, '關閉電源', 0, 659),
(2636, '取滅火器撲滅火源', 0, 659),
(2637, '每位加工作業人員', 0, 660),
(2638, '製茶工廠負責人', 0, 660),
(2639, '消費者', 1, 660),
(2640, '消防安檢人員', 0, 660),
(2641, '運作同時進行檢修', 1, 661),
(2642, '須使用正確電源', 0, 661),
(2643, '須有接地線', 0, 661),
(2644, '須隨時注意操作人員之安全', 0, 661),
(2645, '農藥、肥料', 1, 662),
(2646, '布球揉捻巾', 0, 662),
(2647, '滅火器', 0, 662),
(2648, '笳藶、萎凋架', 0, 662),
(2649, '笳藶、布球巾應進行清潔後並貯放定位', 0, 663),
(2650, '檢查電源、油料等管路', 0, 663),
(2651, '清潔使用過之機具設備', 0, 663),
(2652, '立即採購耕作所需之農藥肥料並堆放於製茶加工場所內，以善用空間', 1, 663),
(2653, '由政府立法督促', 0, 664),
(2654, '落實生產加工衛生安全之自 主管理', 0, 664),
(2655, '消費者申訴與客戶要求', 0, 664),
(2656, '產製高單價茶葉', 1, 664),
(2657, '追溯茶菁來源', 0, 665),
(2658, '對可能造成污染之茶菁進行有效管制', 0, 665),
(2659, '提高茶品衛生安全品質', 0, 665),
(2660, '減少加工損耗，提高製成率', 1, 665),
(2661, '隨時清潔地面', 0, 666),
(2662, '檢查電源、油料等管路', 0, 666),
(2663, '隨時隨地飲用提神飲料，以減少精神不繼而造成之工安事件', 1, 666),
(2664, '隨時防範外來污染發生', 0, 666),
(2665, '機械碾傷', 0, 667),
(2666, '漏電感電', 0, 667),
(2667, '高空墜落', 1, 667),
(2668, '火災', 0, 667),
(2669, '滅火器', 1, 668),
(2670, '高空緩降機', 0, 668),
(2671, '安全帽', 0, 668),
(2672, '工程梯', 0, 668),
(2673, '防止衣服遭機械捲入', 0, 669),
(2674, '提升製茶團隊形象', 0, 669),
(2675, '防止茶葉遭污染', 0, 669),
(2676, '提升茶葉甘甜滋味', 1, 669),
(2677, '最初是美國為確保太空人食品安全所設立的管理方法', 0, 670),
(2678, '管轄權屬於經濟部工業局', 1, 670),
(2679, '為食品加工業、餐飲業對食品安全衛生控制的方法', 0, 670),
(2680, '著重於消費者食用安全', 0, 670),
(2681, '炒菁機、乾燥機旁', 0, 671),
(2682, '密閉的室內', 0, 671),
(2683, '通風陰涼的室外', 1, 671),
(2684, '日曬雨淋的室外', 0, 671),
(2685, '電阻', 0, 672),
(2686, '電流', 0, 672),
(2687, '電容', 0, 672),
(2688, '電壓', 1, 672),
(2689, '3 年', 0, 673),
(2690, '5 年', 1, 673),
(2691, '7 年', 0, 673),
(2692, '9 年', 0, 673),
(2693, '黃色', 0, 674),
(2694, '紅色', 1, 674),
(2695, '橙色', 0, 674),
(2696, '綠色', 0, 674),
(2697, '品質好的茶菁不需瞭解其來源', 0, 675),
(2698, '製茶過程工作人員隨時保持個人清潔', 1, 675),
(2699, '製茶工作人員只需注意製茶品質，成茶衛生安全部分交由後端品管人員即可', 0, 675),
(2700, '為提升製茶時之專注 力，可隨時飲用提神飲品', 0, 675),
(2701, '以絕緣物將電線隔離或切斷電源開關', 1, 676),
(2702, '徒手將人體拉開', 0, 676),
(2703, '聯絡 119 求救', 0, 676),
(2704, '用水潑向傷者降溫', 0, 676),
(2705, '滅火器', 0, 677),
(2706, '提神飲料', 1, 677),
(2707, '吸塵器', 0, 677),
(2708, '掃把', 0, 677),
(2709, '牆角設置捕蟲粘紙', 0, 678),
(2710, '設置紗窗', 0, 678),
(2711, '飼養貓狗', 1, 678),
(2712, '接觸茶菁原料之器具不放置地面', 0, 678),
(2713, '使用馬路路肩曬菁', 1, 679),
(2714, '遠離垃圾場', 0, 679),
(2715, '舖設水泥等硬質地面', 0, 679),
(2716, '曬菁場地排水良好不積水', 0, 679),
(2717, '應完全隔離', 1, 680),
(2718, '設於萎凋室內', 0, 680),
(2719, '設於炒菁揉捻作業區旁', 0, 680),
(2720, '設置於成品出貨區內', 0, 680),
(2721, '小心並適量使用潤滑油以應避免污染', 0, 681),
(2722, '應定期清潔', 0, 681),
(2723, '直接接觸茶菁之材質以不鏽鋼為最佳', 0, 681),
(2724, '甲種乾燥機內部因長處於高溫，不易滋生有害微生物，可以不必清潔', 1, 681),
(2725, '室內萎凋室應多元利用', 0, 682),
(2726, '利用萎凋室內之加溫設備進行衣物乾燥一舉數得', 0, 682),
(2727, '製茶加工場所不應移做非製茶用途', 1, 682),
(2728, '萎凋室晾衣不影響成茶衛生', 0, 682),
(2729, '電閘應設置於隨手可及之處，不需再加外箱以利操作開關', 1, 683),
(2730, '電閘外接之電線裸露易遭蟲鼠啃咬而破裂，應予保護', 0, 683),
(2731, '電閘應定時清除積塵與茶茸毛，以防火災發生', 0, 683),
(2732, '應定期檢查電線管路，防止電線外露造成人員觸電', 0, 683),
(2733, '製茶加工空檔時不使用機具應予覆蓋', 0, 684),
(2734, '製茶加工之室內外區域應共用一套清潔工具', 1, 684),
(2735, '滅火器及其標示應設置於明顯且易取得之位置', 0, 684),
(2736, '地板上應劃設管制標線', 0, 684),
(2737, '為節省成本，室外萎凋與室內加工室所使用之清潔工具不需區隔', 0, 685),
(2738, '電閘開關可隨意設置，以方便操作使用', 0, 685),
(2739, '電閘開關加外箱保護係為了防止觸電', 1, 685),
(2740, '發現電路異常時應馬上離開現場，當做不知道', 0, 685),
(2741, '著重收益', 0, 686),
(2742, '為提高製茶效率可簡化必要製程', 0, 686),
(2743, '產製之茶品需顧及消費者的權益', 1, 686),
(2744, '加工過程可隨時隨地飲用提神飲品，以補充體力', 0, 686),
(2745, '視工作量而定', 0, 687),
(2746, '立即通報或協助送醫', 1, 687),
(2747, '自行處理', 0, 687),
(2748, '不用處理', 0, 687),
(2749, '馬上離開現場，當做不知道', 0, 688),
(2750, '停止作業', 0, 688),
(2751, '裝作沒事', 0, 688),
(2752, '主動通知茶廠負責人，並建議進行維修', 1, 688),
(2753, '不滿情緒應以咆哮方式以發洩', 0, 689),
(2754, '情緒不佳致使工作效低落應無妨', 0, 689),
(2755, '隨時 調適並以正面心態因應', 1, 689),
(2756, '以穢言咒罵方式舒發不滿', 0, 689),
(2757, '協助同儕完成製程', 0, 690),
(2758, '愛物惜物', 0, 690),
(2759, '偷工省時以提升效率', 1, 690),
(2760, '隨時保持個人衛生', 0, 690),
(2761, '職業道德', 1, 691),
(2762, '經濟效益', 0, 691),
(2763, '工作效率', 0, 691),
(2764, '互助合作', 0, 691),
(2765, '製茶工作人員的性別', 1, 692),
(2766, '茶菁品質', 0, 692),
(2767, '茶菁安全', 0, 692),
(2768, '個人衛生', 0, 692),
(2769, '實踐', 1, 693),
(2770, '知識', 0, 693),
(2771, '技術', 0, 693),
(2772, '反省', 0, 693),
(2773, '專業技能', 0, 694),
(2774, '技術本位', 0, 694),
(2775, '職業道德', 1, 694),
(2776, '人文素養', 0, 694),
(2777, '機具設備使用後整理歸位', 0, 695),
(2778, '不私自帶走製茶廠內各項物品', 0, 695),
(2779, '依循僱主要求，團隊互助完成各項製程', 0, 695),
(2780, '製造過程應保持體力，故應隨時隨地補充食物及水份，以提升工作力', 1, 695),
(2781, '依自己的喜好完成相關製程即可，不需理會僱主要求', 0, 696),
(2782, '只要把製茶品質顧好，茶廠環境衛生安全不重要', 0, 696),
(2783, '看重自己負責的每一項加工製程，並熱忱投入與製茶相關之工作', 1, 696),
(2784, '不需講究製茶技術，多花時間與僱主或其他師傅攀交情最重要', 0, 696),
(2785, '應以自身之技術與專業與僱主討論，滿足僱主要求', 1, 697),
(2786, '敷衍應付', 0, 697),
(2787, '不用理會', 0, 697),
(2788, '堅持己見力爭到底', 0, 697),
(2789, '提高工作效率', 0, 698),
(2790, '得到僱主的認同', 0, 698),
(2791, '比較不會做錯', 0, 698),
(2792, '讓別人分擔自己的工作', 1, 698);

-- --------------------------------------------------------

--
-- 資料表結構 `question`
--

CREATE TABLE IF NOT EXISTS `question` (
  `qid` int(5) NOT NULL,
  `question` varchar(50) COLLATE utf8mb4_unicode_520_ci NOT NULL,
  `cid` int(3) NOT NULL
) ENGINE=InnoDB AUTO_INCREMENT=699 DEFAULT CHARSET=utf8mb4 COLLATE=utf8mb4_unicode_520_ci;

--
-- 資料表的匯出資料 `question`
--

INSERT INTO `question` (`qid`, `question`, `cid`) VALUES
(1, '茶樹是屬於', 1),
(2, '茶樹是屬於', 1),
(3, '小葉種茶樹是屬於下列哪種植物?', 1),
(4, '大葉種茶樹是屬於下列哪種植物?', 1),
(5, '青心烏龍的茶樹為', 1),
(6, '臺茶 12 號的茶樹為', 1),
(7, '一般栽培之大葉種茶樹為', 1),
(8, '臺灣山茶的茶樹為', 1),
(9, '下列那一茶樹品種為小葉種?', 1),
(10, '下列那一茶樹品種為大葉種?', 1),
(11, '臺茶 13 號的茶樹為', 1),
(12, '臺茶 20 號的茶樹為', 1),
(13, '四季春的茶樹為', 1),
(14, '新北市三峽茶區常用於製造綠茶的茶樹品種為', 1),
(15, '新北市文山茶區適製包種茶的茶樹品種為', 1),
(16, '嘉義、南投等高海拔茶區普遍種植之茶樹品種為', 1),
(17, '南投鹿谷茶區適製凍頂烏龍茶的茶樹品種為', 1),
(18, '製造正欉鐵觀音茶的茶樹品種為', 1),
(19, '桃竹苗茶區常用來製造東方美人茶的茶樹品種為', 1),
(20, '日月潭茶區傳統製造紅茶的茶樹為', 1),
(21, '南投魚池茶區常用來製造紅茶的茶樹品種為', 1),
(22, '下列茶樹品種何者較適合製造成大葉種紅茶', 1),
(23, '欲製作低苦澀綠茶時，在現行栽培品種中可以儘量選擇兒茶素類成分含量的品種較佳？', 1),
(24, '兒茶素類成分含量較高的品種比較適合製造', 1),
(25, '較不適合製造綠茶的茶樹品種為', 1),
(26, '較不適合製造包種茶的茶樹品種是', 1),
(27, '下列何者不是製造大葉種紅茶的茶樹品種？', 1),
(28, '較不適合製造椪(膨)風茶的茶樹品種是', 1),
(29, '臺北市木柵茶區常用來製造鐵觀音茶所用的茶樹品種主要為', 1),
(30, '臺灣常用來製造碧螺春茶所用的茶樹品種主要為', 1),
(31, '目前臺灣地區種植面積最廣的茶樹品種是', 1),
(32, '下列何種茶樹品種所製成之包種茶常具有奶香味?', 1),
(33, '下列何種茶樹品種所製成之紅茶常具有薄荷、肉桂味？', 1),
(34, '阿里山茶區普遍種植的茶樹品種屬於', 1),
(35, '新北市三峽茶區適合製造螺春茶的茶樹品種為', 1),
(36, '桃竹苗茶區適合製造東方美人茶的茶樹品種為', 1),
(37, '臺灣常用來製造鐵觀音茶的茶樹品種為', 1),
(38, '南投魚池茶區適合製造紅茶的主要茶樹品種為', 1),
(39, '茶樹是屬於', 1),
(40, '於新北市文山茶區主要種植俗稱『種仔』為茶樹何種品種？', 1),
(41, '臺灣目前種植俗稱『二七』為茶樹何種品種？', 1),
(42, '臺灣目前種植俗稱『二九』為何種茶樹品種？', 1),
(43, '目前市面上，俗稱『金萱茶』為何種茶樹品種？', 1),
(44, '目前茶葉販售上，商品名俗稱『翠玉茶』為何種茶樹品種？', 1),
(45, '目前茶葉販售上，商品名俗稱『紅玉』為茶樹何種品種？', 1),
(46, '目前茶葉販售上，商品名俗稱『紅韻』為茶樹何種品種？', 1),
(47, '下列何種茶樹品種具有植物品種權？', 1),
(48, '目前市面所種植茶樹品種，商品名俗稱『迎香』為茶樹何種品種？', 1),
(49, '目前市面所種植茶樹品種，商品名俗稱『碧玉』為何種茶樹品種？', 1),
(50, '下列何種茶樹品種葉片，葉脈之主脈與側脈角度最小？', 1),
(51, '一般而言臺灣目前主要種植之大葉種茶樹的嫩芽葉色較小葉種偏什麼顏色?', 1),
(52, '下列何種茶樹品種之嫩芽顏色略帶紫色？', 1),
(53, '下列何種茶樹品種，其產期為晚生種？', 1),
(54, '四季春產期為', 1),
(55, '下列何種茶樹屬於地方品種？', 1),
(56, '下列何種茶樹屬人工雜交品種？', 1),
(57, '臺茶 12 號屬於下列哪種品種?', 1),
(58, '民國 57 年以後由茶業改良場所育成之茶樹品種統一冠以下列哪一系列編號進行命名。', 1),
(59, '下列何種茶樹葉片內折角度最大？', 1),
(60, '一般稱為『紅心歪尾桃』的茶樹品種係指下列哪種茶?', 1),
(61, '臺灣主要栽種的茶樹屬於哪種作物?', 1),
(62, '茶樹的那一個部位可以製茶?', 1),
(63, '臺灣製造大葉種紅茶之主要產區為哪一地區?', 1),
(64, '臺灣製造綠茶之主要產區為哪一地區?', 1),
(65, '目前臺灣年產最多的茶類為哪一種茶?', 1),
(66, '目前臺灣茶葉年產約多少?', 1),
(67, '新北市石門鐵觀音茶所用的茶樹品種主要是', 1),
(68, '新北市三峽茶區龍井茶所用的茶樹品種主要是', 1),
(69, '臺灣春季適合製造', 1),
(70, '臺灣夏季適合製造', 1),
(71, '傳統適合製造椪(膨)風茶的節氣為', 1),
(72, '清明節前所採製的茶稱為', 1),
(73, '明前茶以下列何者最為著名?', 1),
(74, '「白露茶」是指幾月採製的茶?', 1),
(75, '所謂「六月白」是屬於', 1),
(76, '何種茶類以芽尖白毫為特色?', 1),
(77, '俗稱東方美人茶係指', 1),
(78, '新北市坪林茶區所產製之特色茶類為', 1),
(79, '桃竹苗茶區主要產製之特色茶類為', 1),
(80, '南投縣鹿谷鄉主要產', 1),
(81, '四季春的種植面積最多的地區為', 1),
(82, '高山茶一般是指種植在海拔多少以上的茶?', 1),
(83, '下列那一茶區是鐵觀音的產地?', 1),
(84, '下列哪一種不是椪(膨)風茶的別名?', 1),
(85, '以焙火香為主要特色的茶是', 1),
(86, '臺灣碧螺春主要產地在', 1),
(87, '下列何種特色茶製造時需將布球茶包以『文火』慢慢烘焙?', 1),
(88, '阿薩姆品種較適合製造', 1),
(89, '臺灣茶產量最多的鄉鎮為', 1),
(90, '下列那一縣市尚無茶產業之經濟栽培？', 1),
(91, '「福鹿茶」產於', 1),
(92, '「港口茶」產於', 1),
(93, '「珠露茶」產於', 1),
(94, '「松柏長青茶」是指下列哪個地區所產的茶?', 1),
(95, '「天鶴茶」產於', 1),
(96, '「南港包種茶」產於', 1),
(97, '下列新北市哪一區不是「文山包種茶」的主要產區？', 1),
(98, '下列哪一鄉鎮市區不是「椪(膨)風茶」的主要產區？', 1),
(99, '新竹縣峨眉鄉之特色茶為', 1),
(100, '「松柏長青茶」原名為', 1),
(101, '南投市茶區所生產的茶一般稱為', 1),
(102, '「玉蘭茶」產於', 1),
(103, '「上將茶」產於', 1),
(104, '「素馨茶」產於', 1),
(105, '臺灣以擂茶為發展觀光特色的鄉鎮為', 1),
(106, '三峽茶區所產的茶葉命名為', 1),
(107, '下列何者為高雄市所產的茶？', 1),
(108, '「港口茶」的發源係', 1),
(109, '較適合製造優質綠茶的茶菁採摘是採', 2),
(110, '較適合製造優質紅茶的茶菁採摘是採', 2),
(111, '較適合製造優質高山烏龍茶的茶菁採摘是採', 2),
(112, '較適合製造優質文山包種茶的茶菁採摘是採', 2),
(113, '較適合製造優質東方美人茶的茶菁採摘是採', 2),
(114, '臺灣俗稱開面是指', 2),
(115, '適合製造包種茶的茶菁採摘成熟度是田間茶芽對口', 2),
(116, '適合製造綠茶的茶菁採摘成熟度是田間茶芽對口', 2),
(117, '下列敘述何者正確？', 2),
(118, '製造高級椪(膨)風茶的茶菁須經過何種昆蟲危害過？', 2),
(119, '茶菁機採最適合的時刻是', 2),
(120, '機採茶採摘效率最高的機械是', 2),
(121, '以雙人採茶機進行茶菁採摘時，需要幾個人同時操作，較為順暢？', 2),
(122, '臺灣平地春茶採摘之主要時期為', 2),
(123, '臺灣高山地區春茶採摘主要時期為？', 2),
(124, '臺灣一般平地茶區之「二水仔茶」主要採摘時期為', 2),
(125, '臺灣一般平地茶區之白露茶主要採摘時期為', 2),
(126, '臺灣一般平地茶區冬茶主要採摘時期為', 2),
(127, '所謂「冬片茶」通常是指哪一個節氣以後採製的茶？', 2),
(128, '一般所謂「早菜(早菁)」是指何時所採摘回廠的茶菁?', 2),
(129, '一般所謂「暗菜(晚菁)」是指何時所採摘回廠的茶菁?', 2),
(130, '一般所謂「午時菜(午時菁)」是指何時所採摘回廠的茶菁?', 2),
(131, '在不考量其他天候因素(如下雨)下，一天當中茶芽含水量最高的是何時所採摘回廠的茶菁', 2),
(132, '下列何者不是採收雨菁(落雨菜)時應處理事項？', 2),
(133, '下列敘述何者正確？', 2),
(134, '下列敘述何者正確？', 2),
(135, '有關茶菁採收，下列敘述何者有誤？', 2),
(136, '於「清明」至「穀雨」期間所採製的茶為', 2),
(137, '於「立夏」至「立秋」期間所採製的茶為', 2),
(138, '於「立秋」至「立冬」期間所採製的茶為', 2),
(139, '於「立冬」至「冬至」期間所採製的茶為', 2),
(140, '俗稱「白露茶」是指', 2),
(141, '欲製高品質紅茶宜採用哪一季茶菁？', 2),
(142, '欲製高品質綠茶宜採用哪一季茶菁？', 2),
(143, '欲製高品質包種茶宜採用哪一季茶菁？', 2),
(144, '欲製高品質白毫烏龍茶宜採用哪一季茶菁？', 2),
(145, '一般而言，春茶時以下那一個品種會先達到最適採摘期？', 2),
(146, '平地茶園如欲採收冬茶，秋茶最晚必須在哪一個節氣前後採摘或修剪？', 2),
(147, '以平地茶園而言，春季茶芽生長至完整葉片之展葉期需要幾天？', 2),
(148, '以平地茶園而言，夏秋季茶芽生長至完整葉片之展葉期需要幾天？', 2),
(149, '以平地茶園而言，冬季茶芽生長至完整葉片之展葉期需要幾天？', 2),
(150, '一般而言，春茶時以下那一個品種會最晚達到最適採摘期？', 2),
(151, '下列敘述何者有誤？', 2),
(152, '下列項目何者與茶菁品質無關？', 2),
(153, '下列敘述何者正確？', 2),
(154, '下列敘述何者有誤？', 2),
(155, '下列何者不是用於採摘茶菁之工具？', 2),
(156, '下列敘述何者有誤？', 2),
(157, '下列敘述何者有誤？', 2),
(158, '下列敘述何者有誤？', 2),
(159, '下列敘述何者有誤？', 2),
(160, '下列敘述何者正確？', 2),
(161, '下列敘述何者有誤？', 2),
(162, '下列敘述何者有誤？', 2),
(163, '下列敘述何者有誤？', 2),
(164, '調製 1000 倍的農藥於 16 公升之藥桶內時，需用多少毫升農藥原液，倒入桶中後加水到滿？', 2),
(165, '將 40 毫升的農藥原液，倒入 20 公升之藥桶內時，並加水到滿時，其調製之農藥倍數為', 2),
(166, '調製 800 倍的農藥於 200 公升之大藥桶內時，需用多少毫升農藥原液，倒入桶中後加水到滿？', 2),
(167, '將 4 毫升的農藥原液，倒入 8 公升之藥桶內時，並加水到滿時，其調製之農藥倍數為', 2),
(168, '那一種肥料施用過多時易形成茶葉色澤暗綠，香氣不揚的缺點？', 2),
(169, '從茶樹採摘下來的新鮮嫩葉稱為', 2),
(170, '茶菁堆積過高，會使葉溫升高，對茶菁顏色有何影響？', 2),
(171, '一年四季中以那一季茶菁的兒茶素類成分含量較高？', 2),
(172, '兒茶素類成分含量較高的部位是', 2),
(173, '堆積的茶菁會放出大量熱能是那一種作用的結果？', 2),
(174, '茶菁入廠加工時不必考慮下列那一項？', 2),
(175, '茶菁採後管理應該要保持它的', 2),
(176, '有關農藥使用原則，下列何項敘述有誤？', 2),
(177, '製造優質包種茶的茶菁不須具備下列何種條件？', 2),
(178, '粗製茶製茶率與下列何者關係較小？', 2),
(179, '計算粗製茶製茶率時，除粗製茶重量外，還要知道', 2),
(180, '茶園於 4 月 8 日噴施安全採收期 14 天的農藥後，何日以後才可採收茶菁？', 2),
(181, '有一茶園預計於 5 月 10 日進行採收，卻於 5 月 2 日發現蟲害，如欲噴施農藥防治應選擇安全採', 2),
(182, '有一茶園預計於 5 月 2 日進行採收，因發現茶避債蛾為害，欲噴施安全採收期 21 天的農藥，應於_', 2),
(183, '有一茶園於 4 月 15 日噴施安全採收期 21 天的農藥後，又於 4 月 25 日噴施安全採收期 ', 2),
(184, '下列何者不是神澤氏葉的推薦用藥？', 2),
(185, '茶園以 20％畢達本可濕性粉劑稀釋 2000 倍噴施用藥，無法防治下列何種蟲害？', 2),
(186, '下列何者不是茶園雜草防除的推薦用藥？', 2),
(187, '下列何者不是刺粉蝨的防治手段？', 2),
(188, '下列何者不是茶角盲椿象的防治手段？', 2),
(189, '下列何種管理方式無法防治茶小綠葉蟬？', 2),
(190, '下列何者不是茶枝枯病的防治手段？', 2),
(191, '下列何者不是茶髮狀病的防治手段？', 2),
(192, '下列何者不是茶餅病的防治手段？', 2),
(193, '下列何者不是茶蠶的防治手段？', 2),
(194, '下列何者不是茶姬捲葉蛾的防治手段？', 2),
(195, '下列何者茶園害蟲無法以捕植?防治？', 2),
(196, '茶園噴藥防治時應該', 2),
(197, '調製農藥時正確做法為', 2),
(198, '下列何者不是茶葉良好農業規範中，作業風險管理茶菁原料的危害因子？', 2),
(199, '下列何者不是茶葉良好農業規範中，茶菁原料作業查核表之檢查項目？', 2),
(200, '下列何者不是茶葉良好農業規範中，病蟲草害防治資材作業查核表之檢查項目？', 2),
(201, '下列何者不是有機茶園可以採用之病蟲草害防治手段？', 2),
(202, '從茶樹採摘下來的新鮮嫩葉稱為', 2),
(203, '茶葉之發酵主要為', 2),
(204, '製作部分發酵茶時，日光萎凋之適宜溫度為', 2),
(205, '不同發酵程度之茶類是由於下列何種因素所致？', 2),
(206, '為保持茶葉成品的鮮綠色，炒菁時宜採用什麼方式？', 2),
(207, '炒菁機無法調整', 2),
(208, '半球形包種茶團揉(布球揉)過程中若不解塊，易造成茶葉外觀色澤', 2),
(209, '製作部分發酵茶適宜之室內萎凋溫度條件為____℃', 2),
(210, '製作部分發酵茶時，一般而言幼嫩的茶菁其揉捻時間應比成熟的茶菁', 2),
(211, '製造部分發酵茶時，茶菁含水量多時，炒菁後期通常會採取什麼方式加速水分的散失？', 2),
(212, '製造部分發酵茶時，室內萎凋及靜置攪拌處理不當致使茶菁呈現「積水」現象時，所產製包種茶之外觀色澤 呈', 2),
(213, '若茶菁原料較「粗老」，揉捻宜採用什麼方式？', 2),
(214, '茶葉發酵之相關酵素為', 2),
(215, '下列何種茶類不需經過團揉(布球揉)步驟？', 2),
(216, '下列那一項不是揉捻完成後隨即解塊的目的？', 2),
(217, '製造包種茶團揉(布球揉)時必須配合解塊工作，目的與何者無關？', 2),
(218, '所謂茶葉發酵，主要係指那一種化學成分被氧化？', 2),
(219, '下列何種茶類在炒菁後須以濕布包覆回潤？', 2),
(220, '製造部分發酵茶時，炒菁程度不足時，易產生', 2),
(221, '製造包種茶時，下列炒菁溫度(炒菁機錶溫)何者較適宜？', 2),
(222, '製造包種茶時，攪拌的目的與下列何者無關？', 2),
(223, '椪(膨)風茶不須經過___之步驟', 2),
(224, '茶葉之發酵主要是靠', 2),
(225, '製造包種茶時，炒菁目的與下列何者無關？', 2),
(226, '製造包種茶時，揉捻壓力之調整何者較適宜？', 2),
(227, '何種茶類須經團揉(布球揉)之過程？', 2),
(228, '製造包種茶最適室內萎凋攪拌次數為', 2),
(229, '傳統的白茶製造須經過___之步驟', 2),
(230, '椪(膨)風茶以濕布包覆回潤時間一般約___分鐘', 2),
(231, '何種茶類不經日光萎凋處理？', 2),
(232, '製造部分發酵茶時，粗老茶菁經重壓揉捻其外觀形狀大多呈現', 2),
(233, '一般採輕萎凋、輕攪拌加工製程，外觀呈條形之茶類為', 2),
(234, '下列何者屬重萎凋重發酵之茶類？', 2),
(235, '下列部分發酵茶類在製造過程中兒茶素類被氧化最多？', 2),
(236, '製造部分發酵茶最耗時的步驟為', 2),
(237, '部分發酵茶製茶過程中，須反覆操作布球團揉及覆炒步驟之茶類為', 2),
(238, '下列何種茶類之製造必須經過茶菁攪拌過程？', 2),
(239, '下列何種茶類之製造不須經過炒菁過程？', 2),
(240, '下列何種茶類之製造一開始必須經過日光萎凋過程？', 2),
(241, '下列何種茶類發酵程度較重？', 2),
(242, '一般而言 10 公斤茶菁約可製得成包種茶____公斤', 2),
(243, '目前臺灣地區年產製最多的茶類為', 2),
(244, '下列何者屬重萎凋、不攪拌之茶類？', 2),
(245, '下列何種茶類須經發酵製程及精製重烘焙？', 2),
(246, '下列何者屬重萎凋、輕發酵之茶類？', 2),
(247, '萎凋過程水分之散失主要經由葉片之', 2),
(248, '茶菁堆積過厚過久，使葉溫升高，對茶菁顏色有何變化？', 2),
(249, '不同批次採摘的茶菁，其製茶順序是', 2),
(250, '包種茶成茶應乾燥至含水量多少為適當？', 2),
(251, '一般文山包種茶製造流程為', 2),
(252, '一般半球形(球形)包種茶殺菁後製造流程為', 2),
(253, '一般椪(膨)風茶製造流程經萎凋、靜置攪拌後為', 2),
(254, '初乾回潤步驟後，需以布球團揉之茶類為', 2),
(255, '一般製造包種茶從第一次至最後一次攪拌，每次的攪拌輕重原則宜採', 2),
(256, '一般製造包種茶從第一次至最後一次攪拌，每次的攪拌時間原則宜採', 2),
(257, '一般製造包種茶經日光萎凋後茶菁含水量減少約', 2),
(258, '一般製造包種茶經炒菁後茶菁含水量剩餘約____%', 2),
(259, '低含水量粗老茶菁製造包種茶，進行初揉時宜', 2),
(260, '高含水量幼嫩茶菁製造包種茶，進行初揉時宜', 2),
(261, '下列何者不屬於茶葉烘焙之目的？', 2),
(262, '為使炒菁時受熱均勻，炒菁筒位置應如何調整？', 2),
(263, '關於茶葉殺菁作業，炒菁機正常操作轉速每分鐘約___轉左右', 2),
(264, '關於茶葉殺菁作業，炒菁時間一般為__分鐘', 2),
(265, '使用炒菁機(以瓦斯為熱源)之關機程式，下列何者正確？', 2),
(266, '下列何種機具不用於包種茶揉捻過程？', 2),
(267, '望月式揉捻機不用於___之製作', 2),
(268, '茶菁依不同老嫩程度，揉捻機之壓力調整原則為', 2),
(269, '製造條形包種茶之揉捻機一般採用', 2),
(270, '乙種（手拉式）乾燥機之熱源通常採用___為能源', 2),
(271, '製造條形包種茶初揉時間約__分鐘', 2),
(272, '使用炒菁機炒菁時，下列何者不直接影響到炒菁品質？', 2),
(273, '一般炒菁機投入茶菁時，應', 2),
(274, '下列炒菁機之裝置何者與炒菁品質控制無關？', 2),
(275, '炒菁機與揉捻機作業容量應如何配置較為適當？', 2),
(276, '甲種乾燥機之規格大小一般以何種計量單位認定？', 2),
(277, '包種茶初製流程中，下列何種非必需使用的機械設備？', 2),
(278, '下列何者屬於茶葉精製設備？', 2),
(279, '關於炒菁機的裝置與操作，下列敘述何者錯誤？', 2),
(280, '關於炒菁機操作事項何者不正確？', 2),
(281, '為提升炒菁品質，下列關於炒菁機的轉速與茶菁老嫩的關係，何者敘述正確？', 2),
(282, '炒菁機於相同溫度的條件下，其轉速對茶葉品質的影響何者正確？', 2),
(283, '關於炒菁過程的敘述，下列何者錯誤？', 2),
(284, '下列關於茶葉揉捻機的敘述何者正確？', 2),
(285, '揉捻機操作下列條件設定何者正確？', 2),
(286, '一般條形包種茶加工主要使用何種揉捻機？', 2),
(287, '關於茶葉乾燥機的敘述下列何者是錯誤？', 2),
(288, '下列關於甲種乾燥機性能與操作，何者敘述不正確？', 2),
(289, '關於製茶機械清潔保養時機何時最為恰當？', 2),
(290, '下列有關使用製茶機械的觀念何者正確？', 2),
(291, '關於製茶機械所使用的燃料放置位置，下列何者較為適當？', 2),
(292, '部分發酵茶製造時，室內萎凋及攪拌操作，其主要目的為', 2),
(293, '部分發酵茶製程中「乾燥」的目的為', 2),
(294, '在天候正常的情況下，製造包種茶之第一步驟為', 2),
(295, '有萎凋製程之茶類為', 2),
(296, '下列何種茶類以「室內萎凋」為製造之第一步驟？', 2),
(297, '茶菁萎凋步驟之目的，下列何者敘述不正確？', 2),
(298, '下列何種茶類以「日光萎凋」為製造之第一步驟？', 2),
(299, '兼具日光萎凋及室內萎凋製程之茶類為', 2),
(300, '茶菁萎凋程度最重之茶類為', 2),
(301, '下列茶類製程中，其萎凋程度輕重依序為', 2),
(302, '有日光萎凋製程之茶類為', 2),
(303, '沒有室內萎凋製程之茶類為', 2),
(304, '包種茶製程中通常以熱風萎凋替代', 2),
(305, '臺灣特色茶中沒有日光萎凋製程之茶類為', 2),
(306, '兼具日光萎凋及室內萎凋製程之臺灣特色茶為', 2),
(307, '製程中日光萎凋程度最重之臺灣特色茶為', 2),
(308, '製造凍頂烏龍茶的第一步驟為', 2),
(309, '製造凍頂烏龍茶的第二步驟為', 2),
(310, '製造東方美人茶的第一步驟為', 2),
(311, '製造白茶的第一步驟為', 2),
(312, '製造日月潭紅茶的第一步驟為', 2),
(313, '關於熱風萎凋機的敘述何者不正確？', 2),
(314, '製作部分發酵茶時，進行室內萎凋製程時，茶菁會', 2),
(315, '雨天採摘之茶菁', 2),
(316, '清晨採摘露水未乾之茶菁', 2),
(317, '吹南風濕氣重天候不佳時，採摘之茶菁', 2),
(318, '製造部分發酵茶之室內萎凋製程，其較佳之相對濕度約', 2),
(319, '傳統上均將雨天採摘之茶菁，先舖放於萎凋設施吹風，將茶菁表面水分吹乾，下列敘述何者是錯誤？', 2),
(320, '室內萎凋及靜置攪拌處理不當，致使茶菁呈現「消水」現象時，所產製包種茶之滋味', 2),
(321, '室內萎凋及靜置攪拌處理不當，致使茶菁呈現「積水」現象時，所產製包種茶之水色', 2),
(322, '室內萎凋及靜置攪拌處理不當，致使茶菁水分散失過快呈現「消水」現象時，所產製包種茶之水色', 2),
(323, '室內萎凋及靜置攪拌處理不當，致使茶菁呈現「積水」現象時，所產製包種茶之香氣呈', 2),
(324, '室內萎凋及靜置攪拌處理不當，致使茶菁水分散失過快呈現「消水」現象時，所產製包種茶之香氣呈', 2),
(325, '室內萎凋及靜置攪拌處理不當，致使茶菁呈現「積水」現象時，所產製包種茶之滋味呈', 2),
(326, '製作部分發酵茶，隨著攪拌次數增加其力道應', 2),
(327, '製作部分發酵茶，隨著攪拌次數增加其時間應', 2),
(328, '製作部分發酵茶，嫩採原料攪拌力道', 2),
(329, '下列臺灣特色茶中，其茶菁原料最嫩採之茶類為', 2),
(330, '包種茶的製程中，產生紅梗紅葉的原因可能是', 2),
(331, '室內萎凋及靜置攪拌處理不當，致使茶菁受損易產生', 2),
(332, '若「雨菁」無法正常萎凋，其製成之茶葉將會產生', 2),
(333, '有綠葉鑲紅邊的茶類為', 2),
(334, '製作部分發酵茶時，若炒菁不足會產生', 2),
(335, '製作部分發酵茶時，若炒菁不足則茶湯水色會呈現', 2),
(336, '製作部分發酵茶時，下列何者不是炒菁目的？', 2),
(337, '下列何者非初製茶所使用的機械設備', 2),
(338, '關於機械攪拌機(俗稱浪菁機)下列敘述何者錯誤？', 2),
(339, '有關半球形包種茶團揉過程，機械設備的使用順序何者正確？', 2),
(340, '在部分發酵茶製程中，下列何項製程不是以降低茶菁含水量為目的？', 2),
(341, '部分發酵茶之「室內萎凋」及「攪拌」製程，其主要目的為', 2),
(342, '製造部分發酵茶時，炒菁後茶菁黃化之原因大多係', 2),
(343, '製造部分發酵茶時，揉捻後趁熱解塊，下列敘述何者有誤？', 2),
(344, '白茶類製作需經過', 2),
(345, '下列臺灣特色茶中何者發酵程度最輕？', 2),
(346, '下列臺灣特色茶中何者發酵程度最重?', 2),
(347, '下列臺灣特色茶中何者烘焙程度最重？', 2),
(348, '部分發酵茶進行攪拌時，茶菁原料的那一部位較容易受傷？', 2),
(349, '部分發酵茶進行攪拌時，茶菁原料水分行走(走水)路線為', 2),
(350, '幼嫩茶菁第一次攪拌之力道', 2),
(351, '製造包種茶時，若炒菁後茶菁含水量高，則', 2),
(352, '下列何種臺灣特色茶須經團揉步驟，增加外形的美觀？', 2),
(353, '膨(椪)風茶因著重白毫之有無，故揉捻時', 2),
(354, '製造半球形包種茶時，為避免產生悶味，團揉過程須配合', 2),
(355, '製造包種茶進行炒菁時，當菁味消失而產生香氣時，下列何者可作為判斷停止炒菁之指標？', 2),
(356, '包種茶焦味之產生', 2),
(357, '部分發酵茶團揉（布球揉）過程中覆炒之主要目的為', 2),
(358, '為紓解團揉（布球揉）加工之人力需求，初乾茶葉(毛茶)可利用', 2),
(359, '東方美人茶屬', 2),
(360, '椪(膨)風茶之日光萎凋製程比包種茶的製程', 2),
(361, '椪(膨)風茶乾燥時所採之熱風溫度宜較包種茶___無關', 2),
(362, '包種茶製造時，炒菁時溫度控制宜採何種方式進行？', 2),
(363, '包種茶製造為了品質，第一次、第二次室內萎凋攪拌之力道', 2),
(364, '包種茶的製程中，炒菁溫度過高又時間太長易造成', 2),
(365, '以含水量較低之粗老茶菁原料製造包種茶時，以錶溫 280℃進行炒菁時宜採', 2),
(366, '以含水量較高之幼嫩茶菁原料製造包種茶時，以錶溫 300℃炒菁時宜採', 2),
(367, '一般炒菁機設有', 2),
(368, '包種茶製造時，含水量較低之粗老茶菁其製造成品，茶葉外觀色澤易呈現', 2),
(369, '凍頂烏龍茶在精製烘焙過程中，主要靠', 2),
(370, '炒菁機投菁量在不超過最大容量下，若炒菁筒溫度高，則轉速應', 2),
(371, '種乾燥機不具下列何種控制裝置？', 2),
(372, '下列何者成茶的外觀色澤是因高溫長時間烘焙所致？', 2),
(373, '茶葉覆炒及團揉過程中，若於高溫下持續團揉過久，則茶葉外觀色澤易呈', 2),
(374, '在良好製茶環境與技術情形下，若製作包種茶之茶菁原料太粗老，易使成茶滋味呈', 2),
(375, '在良好製茶環境與技術情形下，若製作包種茶之茶菁原料太嫩，易使成茶滋味呈', 2),
(376, '夏季由於氣溫高、日照足，因此夏季製作的包種茶較春季為', 2),
(377, '製茶廠室溫愈低，若茶葉發酵程度不足，則所製之成茶品質易呈', 2),
(378, '製作凍頂烏龍茶揉捻之前需完成的步驟為何？', 2),
(379, '幼嫩茶菁所製之成茶，其烘焙溫度比粗老茶菁_____以確保茶湯滋味甘醇不苦澀，並保留 香氣為原則。', 2),
(380, '包種茶製造時，含水量較高之幼嫩茶菁其製造成品，色澤易呈現', 2),
(381, '一般形狀粗鬆之文山包種茶，是由於茶菁原料', 2),
(382, '一般形狀緊結之包種茶，是由於茶菁原料', 2),
(383, '氮肥施用過多，茶菁鮮葉顏色濃綠，水份含量高，製成之包種茶色澤偏', 2),
(384, '氮肥施用過多，茶菁鮮葉顏色濃綠，水份含量高，製成之包種茶香氣易呈現', 2),
(385, '部分發酵茶類其發酵（氧化）作用屬', 2),
(386, '部分發酵茶製作需萎凋及攪拌等製程，其中水色較偏綠者為何種茶類？', 2),
(387, '部分發酵茶製作需萎凋及攪拌等製程，其中水色較偏黃紅者為何種茶類？', 2),
(388, '部分發酵茶製作需萎凋及攪拌等製程，其中香氣較偏清香者為何種茶類？', 2),
(389, '部分發酵茶製作需萎凋及攪拌等製程，其中香氣較偏熟果香者為何種茶類？', 2),
(390, '部分發酵茶製作需萎凋及攪拌等製程，但不需團揉製程之茶類為', 2),
(391, '部分發酵茶製作需萎凋及攪拌等製程，且需團揉製程之茶', 2),
(392, '臺灣特色茶中需萎凋、攪拌及團揉製程之茶類', 2),
(393, '臺灣特色茶中屬重發酵而不需烘焙之茶類', 2),
(394, '臺灣特色茶中屬輕發酵而不以烘焙產生焙火香之茶類為', 2),
(395, '東方美人茶製程中，日光萎凋完成時之茶菁重量減少率約', 2),
(396, '東方美人茶製程中，下列何者不是實施「濕布靜置回潤」製程之目的？', 2),
(397, '文山包種茶屬', 2),
(398, '下列部分部分發酵茶類中，烘焙程度最重之茶類為', 2),
(399, '在相同製茶環境下，下列何項操作之茶菁鮮葉重量減少最多？', 2),
(400, '部分發酵茶經日光萎凋製程之茶菁鮮葉，下列何者現象有誤？', 2),
(401, '同屬部分發酵茶，下列何者是青茶類及白茶類必要之製程？', 2),
(402, '凍頂烏龍茶之發酵程度係控制於下列何項製程？', 2),
(403, '東方美人茶之發酵是由於', 2),
(404, '下列何種茶類係由茶葉本身自有的酵素來發酵？', 2),
(405, '下列何者不是部分發酵茶製程中進行「攪拌」之目的？', 2),
(406, '部分發酵茶殺菁及乾燥製程係因', 2),
(407, '部分發酵茶製程中其發酵程度與___無關', 2),
(408, '臺灣特色茶中屬輕萎凋、輕攪拌及單炒單揉製程之茶類', 2),
(409, '臺灣特色茶中屬重萎凋、重攪拌及單炒單揉製程之茶類', 2),
(410, '臺灣特色茶中其發酵程度輕重為', 2),
(411, '使用層積式萎凋設施製作包種茶時，該設施可控制其', 2),
(412, '凍頂烏龍茶製作時，必須經日光及室內萎凋製程，因受到', 2),
(413, '部分發酵茶製作時，必須經攪拌製程，因受到', 2),
(414, '部分發酵茶製作時，造成滋味淡薄的原因，下列何者敘述有誤？', 2),
(415, '部分發酵茶製作時，造成菁澀味的原因，下列何者敘述是錯誤？', 2),
(416, '部分發酵茶製程中，鐵觀音茶其發酵程度介於', 2),
(417, '以相同茶菁原料製造部分發酵茶，下列何種茶類之兒茶素類含量被氧化最少', 2),
(418, '以相同茶菁原料製造部分發酵茶，下列何種茶類之兒茶素類含量被氧化最多？', 2),
(419, '若天候乾燥，採摘茶菁欲製造包種茶時，下列敘述何者正確？', 2),
(420, '包種茶團揉製程時，將初乾之茶葉可利用何種機具先行加熱，再裝入特製之布巾或布球袋中，以布球揉捻機 或手', 2),
(421, '部分發酵茶製程中，「解塊」的主要目的與下列何者無關？', 2),
(422, '部分發酵茶室內萎凋製程中，下列何者萎凋環境條對茶菁失水速率較無直接影響', 2),
(423, '下列四種烘焙機何者操作較為方便、省時及省力？', 2),
(424, '椪(膨)風茶製造時，其日光萎凋及攪拌程度分別較凍頂烏龍茶為', 2),
(425, '操作殺菁機時若殺菁筒不轉動時，應檢查', 2),
(426, '部分發酵茶製程中使用布球揉捻機，下列操作何者有誤？', 2),
(427, '包種茶精製篩分過程中，俗稱「茶角」是屬', 2),
(428, '「初製茶」又稱為', 2),
(429, '凍頂烏龍茶須加以「烘焙」，以提高其香味品質及賦予宜人的', 2),
(430, '部分發酵茶的烘焙技術是藉由___的控制來提高其品質', 2),
(431, '凍頂烏龍茶精製過程中，其烘焙程度較下列何種茶類低？', 2),
(432, '高山茶精製過程中，其烘焙程度通常較下列何種茶類低？', 2),
(433, '炒菁機(以瓦斯為熱源)之規格大小一般以何種計量單位認定？', 2),
(434, '製作優質部分發酵茶製程中，俗稱「走水」是指茶菁水分散失', 2),
(435, '部分發酵茶製程中，若攪拌不足造成「發酵不足」，通常香氣易呈現', 2),
(436, '以下茶類何者在製造過程中茶葉成分變化最少？', 2),
(437, '不發酵茶製造過程中不含下述何種步驟？', 2),
(438, '茶葉發展史中最早出現的茶類為', 2),
(439, '不發酵茶製造過程中炒菁的目的主要在於', 2),
(440, '綠茶炒菁時如使用圓筒炒菁機，圓筒上之錶溫為', 2),
(441, '煎茶的殺菁以何種方式為之？', 2),
(442, '在所有茶類中製程時間最短者為', 2),
(443, '不發酵茶如炒菁過度，不會出現下列何種現象？', 2),
(444, '下列何種成分，綠茶較其他茶類含量較低？', 2),
(445, '不發酵茶炒菁的方式大多採用', 2),
(446, '下列那一種化學成分與不發酵茶之品質較為有關？', 2),
(447, '下列成分何者在茶菁中含量最多？', 2),
(448, '茶湯中刺激中樞神經之主要成分為', 2),
(449, '茶湯中含量最多的成分為', 2),
(450, '製造綠茶時，一般幼嫩的茶菁揉捻時宜採', 2),
(451, '茶葉中之咖啡因含量約為', 2),
(452, '製造傳統綠茶第一步驟為', 2),
(453, '下列何種茶類兒茶素含量較高？', 2),
(454, '全球年產綠茶最多的國家是', 2),
(455, '一般而言，不發酵茶幼嫩的茶菁揉捻時間應比成熟的茶菁', 2),
(456, '嫩採茶菁製造碧螺春時以高溫短時間方式炒菁，其成茶色澤大多呈現', 2),
(457, '碧螺春製程中乾燥溫度宜控制在', 2),
(458, '綠茶製程中若炒菁溫度太低且時間太長，成茶品質易有', 2),
(459, '製作碧螺春之製茶率(成茶重/茶菁重)約為', 2),
(460, '綠茶炒菁之目的與下列何者無關？', 2),
(461, '製造傳統碧螺春之基本流程為', 2),
(462, '製造條形紅茶的第一步驟為', 2),
(463, '紅茶製程中不含下列那一個步驟？', 2),
(464, '兒茶素含量在茶製造過程中減少最多的茶類為', 2),
(465, '紅茶製造過程中，葉綠素的含量變化為', 2),
(466, '紅茶製程中的發酵步驟，除了茶菁本身所含的多元酚氧化酵素及兒茶素之外，尚需足夠的', 2),
(467, '紅茶製造的基本流程為', 2),
(468, '下列那一種茶類在發酵製程中，其相對濕度需保持在 90％以上？', 2),
(469, '傳統條形紅茶製程中，茶菁萎凋程度其重量宜減去', 2),
(470, '紅茶製程中，下列敘述何者不正確？', 2),
(471, '紅茶製程中，補足發酵時之室溫宜採', 2),
(472, '嫩採之茶菁製作紅茶時，其揉捻壓力之調整宜採', 2),
(473, '紅茶乾燥之溫度宜控制在', 2),
(474, '下列何種製茶機械設備，不屬於一般紅茶製造使用機械？', 2),
(475, '下列紅茶製程中何者較為耗時？', 2),
(476, '紅茶製程中補足發酵時，一般葉溫變化呈', 2),
(477, '有關紅茶補足發酵製程之速率，下列敘述何者正確？', 2),
(478, '有關紅茶揉捻製程，下列敘述何者為宜？', 2),
(479, '在紅茶萎凋製程時，室內相對濕度愈大，對萎凋速度之變化為', 2),
(480, '在紅茶萎凋製程中，當室內相對濕度高時，如採自然萎凋則茶菁攤葉量宜', 2),
(481, '在紅茶萎凋製程中，下列何者有誤？', 2),
(482, '為提升成茶品質，傳統條形紅茶製程中，其揉捻加壓力道', 2),
(483, '紅茶萎凋製程中，室內相對濕度最適範圍約', 2),
(484, '紅茶製造下列何者與發酵速度無關？', 2),
(485, '紅茶製程中，下列何者不是發酵室的基本要求？', 2),
(486, '紅茶所含有的物質成分較其他茶類為多？', 2),
(487, '有關紅茶製造之萎凋過程，下列敘述何者錯誤？', 2),
(488, '紅茶中的茶紅質是由茶菁何種物質氧化生成？', 2),
(489, '下列何種物質不存在於「紅茶乳化」現象中？', 2),
(490, '下列何種物質的含量在紅茶製程中幾乎不發生變化？', 2),
(491, '優質條形紅茶之外觀宜', 2),
(492, '構成紅茶茶湯水色之主要成分為', 2),
(493, '有關紅茶製程中的補足發酵之步驟，下列敘述何者是錯誤的？', 2),
(494, '紅茶中的茶紅質與下列何種成分之含量比例與品質有關？', 2),
(495, '有關傳統紅茶製程中之揉捻步驟，下列敘述何者錯鋘？', 2),
(496, '紅茶製程中的揉捻步驟，其目的和其他茶類(綠茶、包種茶)不一樣的作用為？', 2),
(497, '在傳統紅茶製程中的萎凋方式，下列何者不宜採用？', 2),
(498, '傳統紅茶製程中，茶菁發酵速率急增是在哪一步驟？', 2),
(499, '下列對於不發酵茶的敘述何者為非？', 2),
(500, '下列何者是於製造綠茶的機具？', 2),
(501, '下列製茶機具，主要用途是', 2),
(502, '下列製茶機具，主要用途是', 2),
(503, '圖示為製茶過程中之何項步驟？', 2),
(504, '圖示為製茶過程中之何項步驟？', 2),
(505, '圖示之製茶機具俗稱', 2),
(506, '圖示之製茶機具俗稱', 2),
(507, '圖示之製茶機具俗稱', 2),
(508, '圖示中之製茶機具主要用途為', 2),
(509, '圖示中之製茶機具主要用途為', 2),
(510, '圖示中之揉捻機主要用途係製作', 2),
(511, '紅茶製程中，揉捻應使葉肉細胞損傷率約', 2),
(512, '紅茶製程中，機械揉捻時間大多採', 2),
(513, '紅茶製程中，渥堆補足發酵時間大多採', 2),
(514, '傳統紅茶製程中，不經過下列何者步驟？', 2),
(515, '何者為傳統紅茶製程中必要步驟？', 2),
(516, '下列何種茶類不須經多元酚氧化酵素的作用？', 2),
(517, '新北市文山包種茶具有特殊之', 3),
(518, '椪（膨）風茶具有特殊之', 3),
(519, '文山包種茶的外觀形狀是', 3),
(520, '龍井茶之外觀為', 3),
(521, '文山包種茶是屬於', 3),
(522, '下列哪一種茶非屬不發酵茶？', 3),
(523, '下列何者不屬於發酵茶類為', 3),
(524, '龍井茶屬', 3),
(525, '碧螺春茶屬', 3),
(526, '下列何種茶類發酵程度較重？', 3),
(527, '下列何者屬部分發酵茶？', 3),
(528, '碧螺春茶外觀形狀屬', 3),
(529, '碧螺春茶外觀色澤屬', 3),
(530, '碧螺春茶茶湯顏色屬', 3),
(531, '碧螺春茶香氣屬', 3),
(532, '文山包種茶外觀形狀屬', 3),
(533, '文山包種茶外觀色澤屬', 3),
(534, '文山包種茶茶湯顏色屬', 3),
(535, '高山茶外觀形狀屬', 3),
(536, '高山茶茶湯顏色屬', 3),
(537, '凍頂烏龍茶外觀形狀屬', 3),
(538, '凍頂烏龍茶茶湯顏色屬', 3),
(539, '凍頂烏龍茶香氣屬', 3),
(540, '木柵鐵觀音茶外觀形狀屬', 3),
(541, '木柵鐵觀音茶茶湯顏色屬', 3),
(542, '木柵鐵觀音茶香氣屬', 3),
(543, '東方美人茶之茶湯顏色屬', 3),
(544, '東方美人茶之香氣屬', 3),
(545, '紅茶屬', 3),
(546, '紅茶外觀色澤屬', 3),
(547, '紅茶茶湯顏色屬', 3),
(548, '輕發酵茶之香氣特性為', 3),
(549, '一般評茶室宜採___邊的光線', 3),
(550, '評茶室之評茶台宜採', 3),
(551, '評茶室牆壁宜採', 3),
(552, '茶葉品質感官評鑑所使用之評鑑杯組屬__材質', 3),
(553, '茶葉品質感官評鑑所使用之評鑑杯組顏色為', 3),
(554, '茶葉品質感官評鑑的茶葉量為', 3),
(555, '茶葉品質感官評鑑的標準沖泡水量為', 3),
(556, '茶葉品質感官評鑑時沖泡之水溫為', 3),
(557, '茶葉品質感官評鑑時，條形茶沖泡時間為___分鐘', 3),
(558, '茶葉品質感官評鑑時，碎形茶沖泡時間為___分鐘', 3),
(559, '茶葉品質感官評鑑時，凍頂烏龍茶沖泡時間為___分鐘', 3),
(560, '進行茶湯品質感官評鑑時，其茶湯溫度約__℃左右為宜', 3),
(561, '進行茶湯品質感官評鑑時，每次入口之茶湯量約___毫升左右為宜', 3),
(562, '茶葉品質感官評鑑時，所謂「葉底」之術語係指', 3),
(563, '茶葉品質感官評鑑時，口腔對甜味判別較敏銳的部位為', 3),
(564, '茶葉品質感官評鑑時，口腔對苦味判別較敏銳的部位為', 3),
(565, '茶葉品質感官評鑑時，口腔對酸味判別較敏銳的部位為', 3),
(566, '茶葉品質感官評鑑時，影響水質軟硬度的物質為', 3),
(567, '茶葉品質感官評鑑時，煮水器皿以___材質為宜', 3),
(568, '茶葉品質感官評鑑時，每次(趟)不宜超過', 3),
(569, '茶葉品質感官評鑑時，工作人員每次(趟)倒水沖泡時間不宜超過', 3),
(570, '茶葉品質感官評鑑時，何者無法藉由人的感覺進行評定？', 3),
(571, '下列何項技術無法由茶葉品質感官評鑑瞭解茶葉品質優劣？', 3),
(572, '進行茶葉品質感官評鑑時，下列何者非茶葉品評室之必要條件？', 3),
(573, '茶葉品質感官評鑑時，何者不是凍頂烏龍茶評審必要用具？', 3),
(574, '茶葉品質感官評鑑時，何者不是審茶盤的用途？', 3),
(575, '茶葉品質感官評鑑時，何者不是審茶碗的用途？', 3),
(576, '下列何者不是茶葉品質感官評鑑的優點？', 3),
(577, '茶葉品質感官評鑑時，茶葉品質鑑定標準作業流程的第一個步驟為', 3),
(578, '茶葉品質感官評鑑時，茶葉品質鑑定標準作業流程的最後一個步驟為', 3),
(579, '茶葉品質感官評鑑時，其標準作業流程在開湯之後接下來的步驟為', 3),
(580, '茶葉品質感官評鑑時，其標準作業流程在觀水色之後接下來的步驟為', 3),
(581, '茶葉品質感官評鑑時，其標準作業流程在聞香氣之後接下來的步驟為', 3),
(582, '茶葉品質感官評鑑時，其標準作業流程在評滋味之後接下來的步驟為', 3),
(583, '茶葉品質感官評鑑時，所謂「開湯」之術語係指', 3),
(584, '茶葉品質感官評鑑時，其中「審外觀」之步驟不包含', 3),
(585, '茶葉品質感官評鑑時，茶葉與水的比例，下列何者為正確？', 3),
(586, '茶葉品質感官評鑑時，開湯後其攪拌茶湯主要目的為何？', 3),
(587, '茶葉品質感官評鑑時，其中「觀葉底」之目的不包含', 3),
(588, '為維持茶葉品質，保存時宜控制茶葉含水量範圍約在', 3),
(589, '為控制茶葉含水量於適宜範圍，以維持茶葉品質，下列敘述何者不正確？', 3),
(590, '茶葉品質與成分因光線而產生之變化，下列敘述何者正確？', 3),
(591, '茶葉貯存期間溫度愈高對其品質為', 3),
(592, '綠茶在高溫貯藏下，易造成茶湯水色', 3),
(593, '茶葉在高溫貯藏下___香氣成分', 3),
(594, '基於經濟效益與品質維持之考量，茶葉冷藏庫內之相對濕度宜控制在', 3),
(595, '茶葉貯藏過程中，不飽和脂肪酸氧化易導致___之生成', 3),
(596, '在茶葉貯藏過程中，兒茶素類之變化對品質之影響，下列敘述何者不正確？', 3),
(597, '茶葉貯藏過程中，兒茶素氧化後結合茶葉中其它成分（如胺基酸類等），易造成茶湯變', 3),
(598, '保存茶葉色澤最佳的方法為', 3),
(599, '茶葉貯藏之包裝材質應符合', 3),
(600, '茶葉貯藏之場所應具備___的條件', 3),
(601, '茶葉貯藏過程中，水份對品質之影響甚鉅，下列敘述何者不正確？', 3),
(602, '茶葉貯藏過程中，溫度對品質之影響甚鉅，下列敘述何者正確？', 3),
(603, '茶葉貯藏期間為控制茶葉含水量，下列敘述何者不正確？', 3),
(604, '針對鋁箔積層袋之包裝材料，下列敘述何者正確？', 3),
(605, '不同發酵程度之茶類，以', 3),
(606, '對不同形狀之茶葉，以', 3),
(607, '對不同烘焙程度之茶類，以___在貯藏期間較易品質劣變', 3),
(608, '在相同的貯藏條件下，台灣特色茶之品質劣變速率，下列何者是對的？', 3),
(609, '在相同的貯藏條件下，不同形狀之茶葉品質劣變速率，下列何者是對的？', 3),
(610, '在相同的貯藏條件下，不同發酵程度之茶葉品質劣變速率，下列何者是對的？', 3),
(611, '在相同的貯藏條件下，對不同香氣類型之茶葉，以', 3),
(612, '下列何種條件不利茶葉貯藏？', 3),
(613, '有關氧氣對茶葉貯藏過程之品質影響，下列敘述何者不正確？', 3),
(614, '一般為了延緩茶葉貯藏時期品質劣變，茶葉包裝容器內可以放置', 3),
(615, '為了防止茶葉貯藏時期吸濕，茶葉包裝可以添加', 3),
(616, '綠茶貯藏期間，導致茶葉外觀色澤劣變，主要與___成分裂解有關', 3),
(617, '下列何種包裝材質可用於真空及充氮包裝', 3),
(618, '下列何種包裝材質透氣性較大？', 3),
(619, '下列包裝材質何者透氣性較低，對茶葉品質保存佳？', 3),
(620, '茶葉貯藏期間之化學變化下列何者不正確？', 3),
(621, '為妥善保藏綠茶外觀色澤翠綠色，應貯藏於', 3),
(622, '以紙罐為外包裝材質，內包裝宜再加___為最佳', 3),
(623, '茶葉貯存時導致油耗味之生成原因為', 3),
(624, '茶葉乾燥後，何時可包裝入庫貯藏', 3),
(625, '基於茶葉品質考量，選擇包裝材質應', 3),
(626, '茶葉雖屬低水活性乾燥食品，卻並非長期保鮮之食品，下列敘述何者不正確？', 3),
(627, '在相同的貯藏條件下，不同發酵程度之茶劣變速率，下列何者是對的？', 3),
(628, '關於茶葉包裝貯藏，下列敘述何者不正確？', 3),
(629, '除了充氮或真空包裝外，利用添加___亦可防止茶葉貯藏時期氧化作用', 3),
(630, '透明玻璃罐因___之因素，故不是最適之茶葉包裝材質', 3),
(631, '關於茶葉包裝貯藏，下列敘述何者正確？', 3),
(632, '在茶葉貯藏過程中，由於兒茶素會自行___而致品質劣變', 3),
(633, '依我國食品衛生管理法規定，用來沖泡且不含其他原料或食品添加物之茶葉，下列何者不是強制性標示事項？', 3),
(634, '坊間多認為茶葉有具養生保健功能，但如果公開做醫療效能之標示、宣傳或廣告者，涉及違反', 3),
(635, '圖示中之機具主要用途為', 3),
(636, '部分發酵茶製程中，空氣中如有瓦斯味，下列敘述何者不正確？', 4),
(637, '下列何項措施與推動製茶過程之衛生安全有關？', 4),
(638, '製茶是屬於', 4),
(639, '無法明確規定茶葉生產加工過程之衛生與安全的規範是', 4),
(640, '下列何項措施與製茶衛生安全無關？', 4),
(641, '由下圖示，在製茶加工過程中應該有的正確觀念為何？', 4),
(642, '下列何種設備無法有效去除室內製茶加工場所與機具設備之茶茸毛與灰塵的堆積？', 4),
(643, '下列何種措施無法有效管制污染源進入製茶廠？', 4),
(644, '下列預防機具漏電與人員感電之認知何者不正確？', 4),
(645, '防止被機器夾捲之措施，下列何者不正確？', 4),
(646, '發生電氣火災時，不得使用', 4),
(647, '會造成茶菁污染而導致製茶衛生疑慮的情形為', 4),
(648, '下列那個場所不在製茶加工衛生安全管制之範圍內？', 4),
(649, '下列何種地板材質特性不建議使用於製茶加工場所？', 4),
(650, '有關工廠安全維護之認知，下列何者不正確？', 4),
(651, '對於加工場所週遭環境衛生維護，下列敘述何者不正確？', 4),
(652, '下列何者不是實施衛生製茶加工的步驟？', 4),
(653, '由下圖示，在製茶加工作業中應該有的正確觀念為？', 4),
(654, '做好茶葉生產加工過程之衛生安全管控之效益，下列認知何者不正確？', 4),
(655, '下列何者不屬於製茶師傅個人之衛生管理範疇？', 4),
(656, '製茶加工機器設備定期檢查與保養，不屬於下列何種觀念的發揮？', 4),
(657, '茶葉加工製造過程中需進行茶菁之室外萎凋作業，下列何項措施無法防止污染發生？', 4),
(658, '製茶加工場所中對於油料、瓦斯之使用與貯放，下列敘述何者有誤？', 4),
(659, '油脂(B 類)火災發生時，下列何者處置有誤？', 4),
(660, '製茶過程中廠區火災的預防非誰的責任？', 4),
(661, '製茶加工機具運轉時，下列認知何者不正確', 4),
(662, '於製茶加工場所內堆放下列何項物品可能導致茶葉加工過程受到污染？', 4),
(663, '當一個茶季結束，製茶加工作業即將告一段落，下列管理作為何者不正確？', 4),
(664, '下列何者無法有效提高茶葉生產加工之衛生安全管理效益？', 4),
(665, '落實進菁加工紀錄的好處不包括？', 4),
(666, '茶葉加工製造期間，應有的環境衛生與加工安全維護認知，下列選項何者不正確？', 4),
(667, '製茶加工過程常發生之人員工安意外中不包括？', 4),
(668, '下列何者為製茶加工場所內必備之安全設備？', 4),
(669, '製茶工作期間，作業人員穿著整潔合身之工作制服的好處，不包括下列何項？', 4),
(670, '對於「危害分析重點管制系統(HACCP;Hazard Analysis Critical Contr', 4),
(671, '裝有液化石油氣、柴油等容器，安全的存放地點為', 4),
(672, '製茶所需之電動機具欲使用電源，須確認插座電源之', 4),
(673, '一般泡沫滅火器藥劑有效時限為？', 4),
(674, '消防設備其標誌一般採用何種顏色？', 4),
(675, '為提升製茶衛生與安全，下列觀念何者正確？', 4),
(676, '若發現有人感電時，應立即', 4),
(677, '製茶廠內設置下列何項設施(備)無法確保製茶過程之衛生與安全？', 4),
(678, '在製茶加工作業中，下列何種措施無法有效防止有害生物污染？', 4),
(679, '有關設置及維護曬菁場地之衛生清潔，下列何者認知不正確？', 4),
(680, '加工場所內之工作人員餐廳、休息室應如何設置？', 4),
(681, '對於製茶加工機具與設備之維護，下列認知何者不正確？', 4),
(682, '由下圖示，在製茶加工環境的使用應該有的正確觀念為何？', 4),
(683, '由下圖示，有關製茶加工環境之安全維護應該有的正確觀念，何者有誤？', 4),
(684, '圖示中有關製茶加工環境之清潔與安全維護，何者有誤？', 4),
(685, '有關製茶加工環境之清潔與安全維護，下列觀念何者正確？', 4),
(686, '製茶師傅應有的職業道德認知為', 5),
(687, '製茶過程中發現其他製茶師傅發生重大意外傷害時，應該如何處理？', 5),
(688, '當製茶工作場所的機器設備有故障情形發生且無法進行簡易排除時，工作人員正確處理態度是', 5),
(689, '製茶工作過程中應有的情緒管理為', 5),
(690, '下列何者是缺乏職業道德之表現？', 5),
(691, '業者在食品製造中非法添加化合物，其缺乏的認知是', 5),
(692, '為維護製茶品質與信譽，下列何者不是製茶加工過程必需注重的項目？', 5),
(693, '職業道德貴在', 5),
(694, '所謂「行有行規，家有家規」，所指意義為何?', 5),
(695, '小明受僱於某家製茶廠負責茶葉加工相關工作，在遵守職業道德的前題下，選項中那一種行為不應該出現？', 5),
(696, '做一位敬業的製茶師傅應有什麼心態為', 5),
(697, '遇到十分挑剔且要求嚴格的僱主，應該如何處理？', 5),
(698, '下列何者不是製茶過程互助合作的主要目的？', 5);

--
-- 已匯出資料表的索引
--

--
-- 資料表索引 `category`
--
ALTER TABLE `category`
  ADD PRIMARY KEY (`cid`);

--
-- 資料表索引 `lesson`
--
ALTER TABLE `lesson`
  ADD PRIMARY KEY (`pid`);

--
-- 資料表索引 `options`
--
ALTER TABLE `options`
  ADD PRIMARY KEY (`oid`);

--
-- 資料表索引 `question`
--
ALTER TABLE `question`
  ADD PRIMARY KEY (`qid`);

--
-- 在匯出的資料表使用 AUTO_INCREMENT
--

--
-- 使用資料表 AUTO_INCREMENT `category`
--
ALTER TABLE `category`
  MODIFY `cid` int(11) NOT NULL AUTO_INCREMENT,AUTO_INCREMENT=6;
--
-- 使用資料表 AUTO_INCREMENT `lesson`
--
ALTER TABLE `lesson`
  MODIFY `pid` int(5) NOT NULL AUTO_INCREMENT,AUTO_INCREMENT=3;
--
-- 使用資料表 AUTO_INCREMENT `options`
--
ALTER TABLE `options`
  MODIFY `oid` int(5) NOT NULL AUTO_INCREMENT,AUTO_INCREMENT=2793;
--
-- 使用資料表 AUTO_INCREMENT `question`
--
ALTER TABLE `question`
  MODIFY `qid` int(5) NOT NULL AUTO_INCREMENT,AUTO_INCREMENT=699;
/*!40101 SET CHARACTER_SET_CLIENT=@OLD_CHARACTER_SET_CLIENT */;
/*!40101 SET CHARACTER_SET_RESULTS=@OLD_CHARACTER_SET_RESULTS */;
/*!40101 SET COLLATION_CONNECTION=@OLD_COLLATION_CONNECTION */;
